Name	Title/Event	Julian Date	Gregorian Date	Year	Remarks	nameEn	nameEl	nameId
Abdia	Prophet	November 19				Prophet Abdia	Προφήτης Αβδιού	Nabi Abdia
Abercius	Bishop of Hierapolis	October 22				Veneration of Abercius, Bishop of Hierapolis	Μνήμη Αβερκίου, Επισκόπου Ιεραπόλεως	Peringatan Js. Aberkius, Uskup Hierapolis
Abibos	Martyr	November 15				Holy Martyr Abibos	Άγιος Μάρτυς Άβιβος	Martir Kudus Abibos
Abramios	Venerable	October 29				Venerable Abramios	Όσιος Αβράμιος	Js. Abramios
Achillios, Archbishop of Larissa	Venerable	May 15				Venerable Achillios, Archbishop of Larissa	Όσιος Αχίλλιος, Αρχιεπίσκοπος Λαρίσης	Js. Akhillios, Uskup Agung Larissa
Adrian	Martyr	August 26				Holy Martyr Adrian	Άγιος Μάρτυς Αδριανός	Martir Kudus Adrian
Aeithalas	Martyr	September 1				Holy Martyr Aeithalas	Άγιος Μάρτυς Αειθαλάς	Martir Kudus Aeithalas
Aeithalas the Deacon	Martyr	November 3				Holy Martyr Aeithalas the Deacon	Άγιος Μάρτυς Αειθαλάς ο Διάκονος	Martir Kudus Aeithalas sang Diakon
Afrikanos	Martyr	April 10				Holy Martyr Afrikanos	Άγιος Μάρτυς Αφρικανός	Martir Kudus Afrikanos
Agabos	Apostle	April 8				Holy Apostle Agabos	Άγιος Απόστολος Άγαβος	Rasul Kudus Agabos
Agathodoros	Hieromartyr	March 7				Holy Hieromartyr Agathodoros	Άγιος Ιερομάρτυς Αγαθόδωρος	Hieromartir Kudus Agathodoros
Agathonice	Martyr	October 13				Holy Martyr Agathonice	Αγία Μάρτυς Αγαθονίκη	Martir Kudus Agathonice
Agathopodos	Martyr	April 4				Holy Martyr Agathopodos	Άγιος Μάρτυς Αγαθόπους	Martir Kudus Agathopodos
Agathopos	Martyr	December 23				Holy Martyr Agathopos	Άγιος Μάρτυς Αγαθόπους	Martir Kudus Agathopos
Aggai	Prophet	December 16				Prophet Aggai	Προφήτης Αγγαίος	Nabi Hagai
Agrippina	Martyr	June 23				Holy Martyr Agrippina	Αγία Μάρτυς Αγριππίνα	Martir Kudus Agrippina
Aimilianos	Martyr	July 18				Holy Martyr Aimilianos	Άγιος Μάρτυς Αιμιλιανός	Martir Kudus Aimilianos
Aimilianos the Confessor	Bishop of Cyzicus	August 8				Veneration of Aimilianos the Confessor, Bishop of Cyzicus	Μνήμη Αιμιλιανού του Ομολογητού, Επισκόπου Κυζίκου	Peringatan Js. Aimilianos sang Pengaku Iman, Uskup Kizikus
Akakios	Martyr	May 19				Holy Martyr Akakios	Άγιος Μάρτυς Ακάκιος	Martir Kudus Akakios
Akakios who is mentioned in "The Ladder of Virtues"	Venerable	July 7				Venerable Akakios who is mentioned in "The Ladder of Virtues"	Όσιος Ακάκιος ο εν τη Κλίμακι	Js. Akakios yang disebutkan dalam "Tangga Kebajikan"
Akakios, Bishop of Melitene	Venerable	April 17				Venerable Akakios, Bishop of Melitene	Όσιος Ακάκιος, Επίσκοπος Μελιτηνής	Js. Akakios, Uskup Melitene
Akepsimas	Martyr	November 3				Holy Martyr Akepsimas	Άγιος Μάρτυς Ακεψιμάς	Martir Kudus Akepsimas
Akindinos	Martyr	November 2				Holy Martyr Akindinos	Άγιος Μάρτυς Ακίνδυνος	Martir Kudus Akindinos
Akindinos	Martyr	August 22				Holy Martyr Akindinos	Άγιος Μάρτυς Ακίνδυνος	Martir Kudus Akindinos
Alexander	Archbishop of Constantinople	August 30				Veneration of Alexander, Archbishop of Constantinople	Μνήμη Αλεξάνδρου, Αρχιεπισκόπου Κωνσταντινουπόλεως	Peringatan Js. Alexander, Uskup Agung Konstantinopel
Alexander	Martyr	June 10				Holy Martyr Alexander	Άγιος Μάρτυς Αλέξανδρος	Martir Kudus Alexander
Alexander of Egypt	Martyr	March 17				Holy Martyr Alexander of Egypt	Άγιος Μάρτυς Αλέξανδρος ο εξ Αιγύπτου	Martir Kudus Alexander dari Mesir
Alexander of Gaza	Martyr	March 17				Holy Martyr Alexander of Gaza	Άγιος Μάρτυς Αλέξανδρος ο εκ Γάζης	Martir Kudus Alexander dari Gaza
Alexis the Man of God	Venerable	March 17				Venerable Alexis the Man of God	Όσιος Αλέξιος ο Άνθρωπος του Θεού	Js. Aleksis Manusia Allah
Alypios the Stylite	Venerable	November 26				Venerable Alypios the Stylite	Όσιος Αλύπιος ο Κιονίτης	Js. Alypios sang Stylite
Ambrose	Bishop of Milan	December 7				Veneration of Ambrose, Bishop of Milan	Μνήμη Αμβροσίου, Επισκόπου Μεδιολάνων	Peringatan Js. Ambrosius, Uskup Milan
Ammon the Deacon	Martyr	September 1				Holy Martyr Ammon the Deacon	Άγιος Μάρτυς Άμμων ο Διάκονος	Martir Kudus Ammon sang Diakon
Amphilochios	Bishop of Iconium	November 23				Veneration of Amphilochios, Bishop of Iconium	Μνήμη Αμφιλοχίου, Επισκόπου Ικονίου	Peringatan Js. Amfilokhios, Uskup Ikonium
Amplias	Apostle	October 31				Holy Apostle Amplias	Άγιος Απόστολος Αμπλίας	Rasul Kudus Amplias
Anania	one of the Three Youths	December 17				Holy Youth Anania, one of the Three Youths	Άγιος Ανανίας, εις εκ των Τριών Παίδων	Pemuda Kudus Anania, salah satu dari Tiga Pemuda
Ananias	Apostle	October 1				Holy Apostle Ananias	Άγιος Απόστολος Ανανίας	Rasul Kudus Ananias
Anastasia the Healer, Pharmacolytria	Hosiomartyr	October 29			Unsure event	Holy Hosiomartyr Anastasia the Healer, Pharmacolytria	Αγία Οσιομάρτυς Αναστασία η Φαρμακολύτρια	Hosiomartir Kudus Anastasia sang Penyembuh, Farmakolytria
Anastasia the Healer, Pharmacolytria	Hosiomartyr	December 22		291	End of her Martyrdom	Holy Hosiomartyr Anastasia the Healer, Pharmacolytria	Αγία Οσιομάρτυς Αναστασία η Φαρμακολύτρια	Hosiomartir Kudus Anastasia sang Penyembuh, Farmakolytria
Anastasius the Persian	Hosiomartyr	January 22				Holy Hosiomartyr Anastasius the Persian	Άγιος Οσιομάρτυς Αναστάσιος ο Πέρσης	Hosiomartir Kudus Anastasius dari Persia
Anatolios	Archbishop of Constantinople	July 3				Veneration of Anatolios, Archbishop of Constantinople	Μνήμη Ανατολίου, Αρχιεπισκόπου Κωνσταντινουπόλεως	Peringatan Js. Anatolios, Uskup Agung Konstantinopel
Andrew	Martyr	May 18				Holy Martyr Andrew	Άγιος Μάρτυς Ανδρέας	Martir Kudus Andreas
Andrew of Crete	Hosiomartyr	October 17				Holy Hosiomartyr Andrew of Crete	Άγιος Οσιομάρτυς Ανδρέας ο εν Κρήτη	Hosiomartir Kudus Andreas dari Kreta
Andrew of Crete	the Jerusalemite	July 4				Veneration of Andrew of Crete, the Jerusalemite	Μνήμη Ανδρέου Κρήτης, του Ιεροσολυμίτου	Peringatan Js. Andreas dari Kreta, sang Yerusalemin
Andrew the First-called	Apostle	November 30				Holy Apostle Andrew the First-called	Άγιος Απόστολος Ανδρέας ο Πρωτόκλητος	Rasul Kudus Andreas yang Pertama Dipanggil
Andrew the Leader of Armies	Martyr	August 19				Holy Martyr Andrew the Leader of Armies	Άγιος Μάρτυς Ανδρέας ο Στρατηλάτης	Martir Kudus Andreas sang Pemimpin Pasukan
Andronicos	Apostle	May 17				Holy Apostle Andronicos	Άγιος Απόστολος Ανδρόνικος	Rasul Kudus Andronikos
Andronicos	Apostle	July 30				Holy Apostle Andronicos	Άγιος Απόστολος Ανδρόνικος	Rasul Kudus Andronikos
Andronicos	Martyr	October 12				Holy Martyr Andronicos	Άγιος Μάρτυς Ανδρόνικος	Martir Kudus Andronikos
Andronicos	Venerable	October 9				Venerable Andronicos	Όσιος Ανδρόνικος	Js. Andronikos
Anempodistos	Martyr	November 2				Holy Martyr Anempodistos	Άγιος Μάρτυς Ανεμπόδιστος	Martir Kudus Anempodistos
Anicetos	Martyr	August 12				Holy Martyr Anicetos	Άγιος Μάρτυς Ανίκητος	Martir Kudus Anicetos
Ann	Mother of the Theotokos	December 9				Veneration of Righteous Ann, Mother of the Theotokos	Μνήμη Δικαίας Άννης, Μητρός της Θεοτόκου	Peringatan Js. Anna, Ibu Theotokos
Anthimos, Bishop of Nicomedia	Hieromartyr	September 3				Holy Hieromartyr Anthimos, Bishop of Nicomedia	Άγιος Ιερομάρτυς Άνθιμος, Επίσκοπος Νικομηδείας	Hieromartir Kudus Anthimos, Uskup Nikomedia
Anthony the Great	Venerable	January 17				Venerable Anthony the Great	Όσιος Αντώνιος ο Μέγας	Js. Antonius Agung
Antipater	Martyr	April 29				Holy Martyr Antipater	Άγιος Μάρτυς Αντίπατρος	Martir Kudus Antipater
Antonina	Martyr	June 10				Holy Martyr Antonina	Αγία Μάρτυς Αντωνίνα	Martir Kudus Antonina
Anysia of Thessalonica		December 30				Veneration of Anysia of Thessalonica	Μνήμη Ανυσίας της Θεσσαλονίκης	Peringatan Js. Anysia dari Tesalonika
Aphthonios	Martyr	October 2				Holy Martyr Aphthonios	Άγιος Μάρτυς Αφθόνιος	Martir Kudus Aphthonios
Apollonios	Martyr	December 14				Holy Martyr Apollonios	Άγιος Μάρτυς Απολλώνιος	Martir Kudus Apollonios
Apollos	Apostle	October 31				Holy Apostle Apollos	Άγιος Απόστολος Απολλώς	Rasul Kudus Apollos
Apphias	Apostle	October 22				Holy Apostle Apphias	Άγιος Απόστολος Απφίας	Rasul Kudus Apphias
Aquila	Apostle	July 14				Holy Apostle Aquila	Άγιος Απόστολος Ακύλας	Rasul Kudus Akuila
Aquilina	Martyr	June 13				Holy Martyr Aquilina	Αγία Μάρτυς Ακυλίνα	Martir Kudus Akuilina
Archippos	Apostle	October 22				Holy Apostle Archippos	Άγιος Απόστολος Άρχιππος	Rasul Kudus Arkhippos
Archippos	Apostle	February 19				Holy Apostle Archippos	Άγιος Απόστολος Άρχιππος	Rasul Kudus Arkhippos
Arethas	Great martyr	October 24				Holy Great Martyr Arethas	Άγιος Μεγαλομάρτυς Αρέθας	Martir Agung Kudus Arethas
Aristarchos	Apostle	April 14				Holy Apostle Aristarchos	Άγιος Απόστολος Αρίσταρχος	Rasul Kudus Aristarkhos
Aristobulos	Apostle	October 31				Holy Apostle Aristobulos	Άγιος Απόστολος Αριστόβουλος	Rasul Kudus Aristobulos
Arsenios of Corcyra		January 19				Veneration of Arsenios of Corcyra	Μνήμη Αρσενίου της Κερκύρας	Peringatan Js. Arsenios dari Korkyra
Arsenios the Great		May 8				Veneration of Arsenios the Great	Μνήμη Αρσενίου του Μεγάλου	Peringatan Js. Arsenios Agung
Artemas	Martyr	April 29				Holy Martyr Artemas	Άγιος Μάρτυς Αρτεμάς	Martir Kudus Artemas
Artemios	Great Martyr	October 20				Holy Great Martyr Artemios	Άγιος Μεγαλομάρτυς Αρτέμιος	Martir Agung Kudus Artemios
Asyncritos	Apostle	April 8				Holy Apostle Asyncritos	Άγιος Απόστολος Ασύγκριτος	Rasul Kudus Asyncritos
Athanasia	Venerable	October 9				Venerable Athanasia	Οσία Αθανασία	Js. Athanasia
Athanasius of Mount Athos	Venerable	July 5				Venerable Athanasius of Mount Athos	Όσιος Αθανάσιος ο εν Άθω	Js. Athanasius dari Gunung Athos
Athanasius the Great	translation of the relics of	May 2				Translation of the Relics of Athanasius the Great	Ανακομιδή Λειψάνων Αθανασίου του Μεγάλου	Pemindahan Relikui Js. Athanasius Agung
Athanasius, Archbishop of Alexandria	return from his exile	January 18				Return from Exile of Athanasius, Archbishop of Alexandria	Επάνοδος εκ της εξορίας Αθανασίου, Αρχιεπισκόπου Αλεξανδρείας	Kepulangan dari Pengasingan Js. Athanasius, Uskup Agung Aleksandria
Athenogenes	Hieromartyr	July 16				Holy Hieromartyr Athenogenes	Άγιος Ιερομάρτυς Αθηνογένης	Hieromartir Kudus Athenogenes
Augustine	Bishop of Hippo	August 28				Veneration of Augustine, Bishop of Hippo	Μνήμη Αυγουστίνου, Επισκόπου Ιππώνος	Peringatan Js. Agustinus, Uskup Hippo
Autonomus	Hieromartyr	September 12				Holy Hieromartyr Autonomus	Άγιος Ιερομάρτυς Αυτόνομος	Hieromartir Kudus Autonomus
Auxentios	Martyr	December 13				Holy Martyr Auxentios	Άγιος Μάρτυς Αυξέντιος	Martir Kudus Auxentios
Auxentios	Venerable	February 14				Venerable Auxentios	Όσιος Αυξέντιος	Js. Auxentios
Azaria	one of the Three Youths	December 17				Holy Youth Azaria, one of the Three Youths	Άγιος Αζαρίας, εις εκ των Τριών Παίδων	Pemuda Kudus Azaria, salah satu dari Tiga Pemuda
Babylas, Bishop of Antioch	Hieromartyr	September 4				Holy Hieromartyr Babylas, Bishop of Antioch	Άγιος Ιερομάρτυς Βαβύλας, Επίσκοπος Αντιοχείας	Hieromartir Kudus Babylas, Uskup Antiokhia
Bacchus	Martyr	October 7				Holy Martyr Bacchus	Άγιος Μάρτυς Βάκχος	Martir Kudus Bacchus
Barbara	Great martyr	December 4				Holy Great Martyr Barbara	Αγία Μεγαλομάρτυς Βαρβάρα	Martir Agung Kudus Barbara
Barlaam	Martyr	October 19				Holy Martyr Barlaam	Άγιος Μάρτυς Βαρλαάμ	Martir Kudus Barlaam
Barnabas	Apostle	June 11				Holy Apostle Barnabas	Άγιος Απόστολος Βαρνάβας	Rasul Kudus Barnabas
Bartholomew	Apostle	June 11				Holy Apostle Bartholomew	Άγιος Απόστολος Βαρθολομαίος	Rasul Kudus Bartolomeus
Basil	Hieromartyr	March 7				Holy Hieromartyr Basil	Άγιος Ιερομάρτυς Βασίλειος	Hieromartir Kudus Basilius
Basil the Great	Archbishop of Caesarea of Cappadocia	January 1				Basil the Great, Archbishop of Caesarea of Cappadocia	Βασίλειος ο Μέγας, Αρχιεπίσκοπος Καισαρείας Καππαδοκίας	Js. Basilius Agung, Uskup Agung Kaisarea Kapadokia
Basil the Great	Archbishop of Caesarea of Cappadocia	December 23				Basil the Great, Archbishop of Caesarea of Cappadocia	Βασίλειος ο Μέγας, Αρχιεπίσκοπος Καισαρείας Καππαδοκίας	Js. Basilius Agung, Uskup Agung Kaisarea Kapadokia
Basil, Bishop of Parios	Confessor	April 12				Veneration of Basil the Confessor, Bishop of Parios	Μνήμη Βασιλείου του Ομολογητού, Επισκόπου Πάρου	Peringatan Js. Basilius sang Pengaku Iman, Uskup Parios
Basil, companion of Saint Procopius	Confessor	February 28				Veneration of Basil the Confessor, companion of Saint Procopius	Μνήμη Βασιλείου του Ομολογητού, συνοδοιπόρου του Αγίου Προκοπίου	Peringatan Js. Basilius sang Pengaku Iman, sahabat Js. Prokopius
Basil, Priest of the Church of Ancyra	Hieromartyr	March 22				Holy Hieromartyr Basil, Priest of the Church of Ancyra	Άγιος Ιερομάρτυς Βασίλειος, Πρεσβύτερος Αγκύρας	Hieromartir Kudus Basilius, Imam Gereja Ankyra
Basiliskos	Martyr	March 3				Holy Martyr Basiliskos	Άγιος Μάρτυς Βασιλίσκος	Martir Kudus Basiliskos
Basiliskos	Martyr	May 22				Holy Martyr Basiliskos	Άγιος Μάρτυς Βασιλίσκος	Martir Kudus Basiliskos
Bassa	Martyr	August 21				Holy Martyr Bassa	Αγία Μάρτυς Βάσσα	Martir Kudus Bassa
Bassoi	Martyr	March 6				Holy Martyr Bassoi	Άγιος Μάρτυς Βασσοί	Martir Kudus Bassoi
Benedict	Venerable	March 14				Venerable Benedict	Όσιος Βενέδικτος	Js. Benediktus
Benedimos	Martyr	May 18				Holy Martyr Benedimos	Άγιος Μάρτυς Βενέδιμος	Martir Kudus Benedimos
Bessarion the Wonderworker	Venerable	June 6				Venerable Bessarion the Wonderworker	Όσιος Βησσαρίων ο Θαυματουργός	Js. Bessarion sang Pembuat Mukjizat
Blaise, Bishop of Sebastea in Armenia	Hieromartyr	February 11				Holy Hieromartyr Blaise, Bishop of Sebastea in Armenia	Άγιος Ιερομάρτυς Βλάσιος, Επίσκοπος Σεβαστείας Αρμενίας	Hieromartir Kudus Blasius, Uskup Sebastea di Armenia
Boniface	Martyr	December 19				Holy Martyr Boniface	Άγιος Μάρτυς Βονιφάτιος	Martir Kudus Bonifasius
Bukolos, Bishop of Smyrna	Venerable	February 6				Venerable Bukolos, Bishop of Smyrna	Όσιος Βουκόλος, Επίσκοπος Σμύρνης	Js. Bukolos, Uskup Smirna
Callinicos	Martyr	December 14				Holy Martyr Callinicos	Άγιος Μάρτυς Καλλίνικος	Martir Kudus Kallinikos
Callinicos	Martyr	July 29				Holy Martyr Callinicos	Άγιος Μάρτυς Καλλίνικος	Martir Kudus Kallinikos
Callistos	Martyr	September 1				Holy Martyr Callistos	Άγιος Μάρτυς Κάλλιστος	Martir Kudus Kallistos
Callistos	Martyr	March 6				Holy Martyr Callistos	Άγιος Μάρτυς Κάλλιστος	Martir Kudus Kallistos
Callistratos	Martyr	September 27				Holy Martyr Callistratos	Άγιος Μάρτυς Καλλίστρατος	Martir Kudus Kallistratos
Capiton	Hieromartyr	March 7				Holy Hieromartyr Capiton	Άγιος Ιερομάρτυς Καπίτων	Hieromartir Kudus Kapiton
Carpos	Apostle	May 26				Holy Apostle Carpos	Άγιος Απόστολος Κάρπος	Rasul Kudus Karpos
Carpos	Martyr	October 13			435	Holy Martyr Carpos	Άγιος Μάρτυς Κάρπος	Martir Kudus Karpos
Cassian the Roman	Venerable	February 29				Venerable Cassian the Roman	Όσιος Κασσιανός ο Ρωμαίος	Js. Kassianus dari Roma
Catherine	Great martyr	October 25				Holy Great Martyr Catherine	Αγία Μεγαλομάρτυς Αικατερίνη	Martir Agung Kudus Ekaterina
Cecilia	Martyr	October 22				Holy Martyr Cecilia	Αγία Μάρτυς Κικιλία	Martir Kudus Cecilia
Celsios	Martyr	October 14				Holy Martyr Celsios	Άγιος Μάρτυς Κέλσιος	Martir Kudus Celsios
Charalampos	Hieromartyr	February 10				Holy Hieromartyr Charalampos	Άγιος Ιερομάρτυς Χαράλαμπος	Hieromartir Kudus Kharalampos
Charitina	Martyr	October 5				Holy Martyr Charitina	Αγία Μάρτυς Χαριτίνα	Martir Kudus Kharitina
Chariton	Martyr	June 1				Holy Martyr Chariton	Άγιος Μάρτυς Χαρίτων	Martir Kudus Khariton
Chariton the Confessor	Venerable	September 28				Venerable Chariton the Confessor	Όσιος Χαρίτων ο Ομολογητής	Js. Khariton sang Pengaku Iman
Charitos	Martyr	June 1				Holy Martyr Charitos	Άγιος Μάρτυς Χαρίτος	Martir Kudus Kharitos
Charity	Martyr	September 17				Holy Martyr Charity (Agape)	Αγία Μάρτυς Αγάπη	Martir Kudus Kasih (Agape)
Chionia	Martyr	April 16				Holy Martyr Chionia	Αγία Μάρτυς Χιονία	Martir Kudus Khionia
Christina	Great martyr	July 24				Holy Great Martyr Christina	Αγία Μεγαλομάρτυς Χριστίνα	Martir Agung Kudus Kristina
Christina	Martyr	May 18				Holy Martyr Christina	Αγία Μάρτυς Χριστίνα	Martir Kudus Kristina
Christopher	Martyr	May 9				Holy Martyr Christopher	Άγιος Μάρτυς Χριστόφορος	Martir Kudus Kristoforus
Chrysanthos	Martyr	March 19				Holy Martyr Chrysanthos	Άγιος Μάρτυς Χρύσανθος	Martir Kudus Khrisanthos
Claudius	Martyr	April 5				Holy Martyr Claudius	Άγιος Μάρτυς Κλαύδιος	Martir Kudus Klaudius
Clement of Ancyra	Hieromartyr	January 23				Holy Hieromartyr Clement of Ancyra	Άγιος Ιερομάρτυς Κλήμης Αγκύρας	Hieromartir Kudus Klemens dari Ankyra
Clement, Pope of Rome	Hieromartyr	November 24			100	Holy Hieromartyr Clement, Pope of Rome	Άγιος Ιερομάρτυς Κλήμης, Πάπας Ρώμης	Hieromartir Kudus Klemens, Paus Roma
Cleonicos	Martyr	March 3				Holy Martyr Cleonicos	Άγιος Μάρτυς Κλεόνικος	Martir Kudus Kleonikos
Conception of Saint Anna	Mother of the Theotokos	December 9				Conception of Righteous Ann, Mother of the Theotokos	Σύλληψις της Δικαίας Άννης, Μητρός της Θεοτόκου	Pembuahan Js. Anna, Ibu Theotokos
Constantine	Martyr	March 6				Holy Martyr Constantine	Άγιος Μάρτυς Κωνσταντίνος	Martir Kudus Konstantinus
Constantine the Great	Equal to the Apostles	May 21				Holy Equal-to-the-Apostles Emperor Constantine the Great	Άγιος Ισαπόστολος Κωνσταντίνος ο Μέγας	Kudus Setara-Rasul Kaisar Konstantinus Agung
Cornelius the Centurion	Hieromartyr	September 13				Holy Hieromartyr Cornelius the Centurion	Άγιος Ιερομάρτυς Κορνήλιος ο Εκατόνταρχος	Hieromartir Kudus Kornelius sang Perwira
Cosmas	Unmercenary	July 1				Holy Unmercenary Cosmas	Άγιος Ανάργυρος Κοσμάς	Kudus Tanpa Bayaran Kosmas
Cosmas the Hagiopolite, Bishop of Maiuma	Venerable	October 14				Venerable Cosmas the Hagiopolite, Bishop of Maiuma	Όσιος Κοσμάς ο Αγιοπολίτης, Επίσκοπος Μαϊουμά	Js. Kosmas sang Hagiopolite, Uskup Maiuma
Crescens	Apostle	July 30				Holy Apostle Crescens	Άγιος Απόστολος Κρήσκης	Rasul Kudus Crescens
Crescens	Martyr	April 15				Holy Martyr Crescens	Άγιος Μάρτυς Κρήσκης	Martir Kudus Crescens
Cypriacos the Anchorite	Venerable	September 29				Venerable Cypriacos the Anchorite	Όσιος Κυπριακός ο Αναχωρητής	Js. Kypriacos sang Pertapa
Cyprian	Hieromartyr	October 2				Holy Hieromartyr Cyprian	Άγιος Ιερομάρτυς Κυπριανός	Hieromartir Kudus Kyprian
Cyril	Apostle of the Slavs	May 11				Holy Equal-to-the-Apostles Cyril, Apostle of the Slavs	Άγιος Ισαπόστολος Κύριλλος, Απόστολος των Σλάβων	Kudus Setara-Rasul Kyrilos, Rasul Bangsa Slavia
Cyril	Archbishop of Alexandria	January 18				Veneration of Cyril, Archbishop of Alexandria	Μνήμη Κυρίλλου, Αρχιεπισκόπου Αλεξανδρείας	Peringatan Js. Kyrilos, Uskup Agung Aleksandria
Cyril	Archbishop of Jerusalem	March 18				Veneration of Cyril, Archbishop of Jerusalem	Μνήμη Κυρίλλου, Αρχιεπισκόπου Ιεροσολύμων	Peringatan Js. Kyrilos, Uskup Agung Yerusalem
Cyril the Deacon	Martyr	March 29				Holy Martyr Cyril the Deacon	Άγιος Μάρτυς Κύριλλος ο Διάκονος	Martir Kudus Kyrilos sang Diakon
Cyrus	Unmercenary	January 31				Holy Unmercenary Cyrus	Άγιος Ανάργυρος Κύρος	Kudus Tanpa Bayaran Kyrus
Dadas	Martyr	April 28				Holy Martyr Dadas	Άγιος Μάρτυς Δαδάς	Martir Kudus Dadas
Dalmatios	Venerable	August 3				Venerable Dalmatios	Όσιος Δαλμάτιος	Js. Dalmatios
Damian	Unmercenary	July 1				Holy Unmercenary Damian	Άγιος Ανάργυρος Δαμιανός	Kudus Tanpa Bayaran Damian
Daniel	Prophet	December 17				Prophet Daniel	Προφήτης Δανιήλ	Nabi Daniel
Daniel the Stylite	Venerable	December 11				Venerable Daniel the Stylite	Όσιος Δανιήλ ο Στυλίτης	Js. Daniel sang Stylite
Daria	Martyr	March 19			Sunday December 26, or the Sunday after the feast of the Nativity according to the Flesh of Our Lord, God, and Savior Jesus Christ	Holy Martyr Daria	Αγία Μάρτυς Δαρεία	Martir Kudus Daria
David	Prophet	December 26				Prophet-King David	Προφητάναξ Δαβίδ	Nabi-Raja Daud
Demetrius	Great martyr	October 26				Holy Great Martyr Demetrius	Άγιος Μεγαλομάρτυς Δημήτριος	Martir Agung Kudus Demetrius
Diodorus	Martyr	April 5				Holy Martyr Diodorus	Άγιος Μάρτυς Διόδωρος	Martir Kudus Diodorus
Diomedes	Martyr	August 16				Holy Martyr Diomedes	Άγιος Μάρτυς Διομήδης	Martir Kudus Diomedes
Dionysia	Martyr	May 18				Holy Martyr Dionysia	Αγία Μάρτυς Διονυσία	Martir Kudus Dionysia
Dionysius	Martyr	March 15				Holy Martyr Dionysius	Άγιος Μάρτυς Διονύσιος	Martir Kudus Dionisius
Dionysius the Areopagite	Hieromartyr	October 3			81	Holy Hieromartyr Dionysius the Areopagite	Άγιος Ιερομάρτυς Διονύσιος ο Αρεοπαγίτης	Hieromartir Kudus Dionisius sang Areopagit
Dios	Venerable	July 19				Venerable Dios	Όσιος Δίος	Js. Dios
Dometian, Bishop of Melitene	Venerable	January 10				Venerable Dometian, Bishop of Melitene	Όσιος Δομετιανός, Επίσκοπος Μελιτηνής	Js. Dometian, Uskup Melitene
Dometios	Hosiomartyr	August 7				Holy Hosiomartyr Dometios	Άγιος Οσιομάρτυς Δομέτιος	Hosiomartir Kudus Dometios
Dominica	Venerable	January 8				Venerable Dominica	Οσία Δομνίκα	Js. Dominika
Dorotheos, Bishop of Tyre	Hieromartyr	June 5				Holy Hieromartyr Dorotheos, Bishop of Tyre	Άγιος Ιερομάρτυς Δωρόθεος, Επίσκοπος Τύρου	Hieromartir Kudus Dorotheos, Uskup Tirus
Dorymedes	Martyr	September 19				Holy Martyr Dorymedes	Άγιος Μάρτυς Δορυμέδων	Martir Kudus Dorymedes
Eleazar the Elder		August 1				Veneration of Eleazar the Elder	Μνήμη Ελεαζάρου του Πρεσβυτέρου	Peringatan Js. Eleazar sang Penatua
Eleutherios, Bishop of Illyricum	Hieromartyr	December 15				Holy Hieromartyr Eleutherios, Bishop of Illyricum	Άγιος Ιερομάρτυς Ελευθέριος, Επίσκοπος Ιλλυρικού	Hieromartir Kudus Eleutherios, Uskup Ilyrikum
Elias the Thesbite	Prophet	July 20				Prophet Elias the Thesbite	Προφήτης Ηλίας ο Θεσβίτης	Nabi Elia sang Tisbit
Elisae	Prophet	June 14				Prophet Elisae	Προφήτης Ελισαίος	Nabi Elisa
Elizabeth	Venerable	April 24				Venerable Elizabeth	Οσία Ελισάβετ	Js. Elisabet
Elpidios	Hieromartyr	March 7				Holy Hieromartyr Elpidios	Άγιος Ιερομάρτυς Ελπίδιος	Hieromartir Kudus Elpidios
Elpidiphoros	Martyr	October 2				Holy Martyr Elpidiphoros	Άγιος Μάρτυς Ελπιδηφόρος	Martir Kudus Elpidiphoros
Elpis	Martyr	September 17				Holy Martyr Elpis (Hope)	Αγία Μάρτυς Ελπίς	Martir Kudus Harapan (Elpis)
Epenetos	Apostle	July 30				Holy Apostle Epenetos	Άγιος Απόστολος Επαίνετος	Rasul Kudus Epenetos
Ephrem the Syrian	Venerable	January 28				Venerable Ephrem the Syrian	Όσιος Εφραίμ ο Σύρος	Js. Efrem dari Siria
Epimachos	Martyr	October 31				Holy Martyr Epimachos	Άγιος Μάρτυς Επίμαχος	Martir Kudus Epimachos
Epiphanios	Bishop of Cyprus	May 12				Veneration of Epiphanios, Bishop of Cyprus	Μνήμη Επιφανίου, Επισκόπου Κύπρου	Peringatan Js. Epiphanios, Uskup Siprus
Episteme	Martyr	October 5				Holy Martyr Episteme	Αγία Μάρτυς Επιστήμη	Martir Kudus Episteme
Erastos	Apostle	October 10				Holy Apostle Erastos	Άγιος Απόστολος Έραστος	Rasul Kudus Erastos
Etherios	Hieromartyr	March 7				Holy Hieromartyr Etherios	Άγιος Ιερομάρτυς Εθέριος	Hieromartir Kudus Etherios
Eudocia	Hosiomartyr	March 1				Holy Hosiomartyr Eudocia	Αγία Οσιομάρτυς Ευδοκία	Hosiomartir Kudus Eudokia
Eudocia	Hosiomartyr	August 4				Holy Hosiomartyr Eudocia	Αγία Οσιομάρτυς Ευδοκία	Hosiomartir Kudus Eudokia
Eudocimos		July 31				Veneration of Eudocimos	Μνήμη Ευδοκίμου	Peringatan Js. Eudocimos
Eugene	Hieromartyr	March 7				Holy Hieromartyr Eugene	Άγιος Ιερομάρτυς Ευγένιος	Hieromartir Kudus Eugenius
Eugene	Martyr	December 13				Holy Martyr Eugene	Άγιος Μάρτυς Ευγένιος	Martir Kudus Eugenius
Eugenia	Hosiomartyr	December 24				Holy Hosiomartyr Eugenia	Αγία Οσιομάρτυς Ευγενία	Hosiomartir Kudus Eugenia
Eugraphos	Martyr	December 10				Holy Martyr Eugraphos	Άγιος Μάρτυς Εύγραφος	Martir Kudus Eugraphos
Eulampia	Martyr	October 10				Holy Martyr Eulampia	Αγία Μάρτυς Ευλαμπία	Martir Kudus Eulampia
Eulampios	Martyr	October 10				Holy Martyr Eulampios	Άγιος Μάρτυς Ευλάμπιος	Martir Kudus Eulampios
Eumenios the Wonderworker, Bishop of Gortyna	Venerable	September 18				Venerable Eumenios the Wonderworker, Bishop of Gortyna	Όσιος Ευμένιος ο Θαυματουργός, Επίσκοπος Γορτύνης	Js. Eumenios sang Pembuat Mukjizat, Uskup Gortyna
Eunician	Martyr	December 23				Holy Martyr Eunician	Άγιος Μάρτυς Ευνικιανός	Martir Kudus Eunician
Euphemis	Great martyr	September 16				Holy Great Martyr Euphemis	Αγία Μεγαλομάρτυς Ευφημία	Martir Agung Kudus Euphemia
Euphemis	Great martyr	July 11				Holy Great Martyr Euphemis	Αγία Μεγαλομάρτυς Ευφημία	Martir Agung Kudus Euphemia
Euphrosyne the Righteous	Venerable	September 25				Venerable Euphrosyne the Righteous	Οσία Ευφροσύνη η Δικαία	Js. Euphrosyne yang Benar
Euplos	Martyr	August 11				Holy Martyr Euplos	Άγιος Μάρτυς Εύπλος	Martir Kudus Euplos
Euporos	Martyr	December 23				Holy Martyr Euporos	Άγιος Μάρτυς Εύπορος	Martir Kudus Euporos
Eupsychios	Martyr	April 9				Holy Martyr Eupsychios	Άγιος Μάρτυς Ευψύχιος	Martir Kudus Eupsykhios
Eusebius of Samosata	Hieromartyr	June 22				Holy Hieromartyr Eusebius of Samosata	Άγιος Ιερομάρτυς Ευσέβιος Σαμοσάτων	Hieromartir Kudus Eusebius dari Samosata
Eusignios	Martyr	August 5				Holy Martyr Eusignios	Άγιος Μάρτυς Ευσίγνιος	Martir Kudus Eusignios
Eustathios	Great martyr	September 20				Holy Great Martyr Eustathios	Άγιος Μεγαλομάρτυς Ευστάθιος	Martir Agung Kudus Eustathios
Eustathios, Archbishop of Antioch	Venerable	February 21				Venerable Eustathios, Archbishop of Antioch	Όσιος Ευστάθιος, Αρχιεπίσκοπος Αντιοχείας	Js. Eustathios, Uskup Agung Antiokhia
Eustatios	Martyr	December 13				Holy Martyr Eustatios	Άγιος Μάρτυς Ευστάτιος	Martir Kudus Eustatios
Euthymius the Great	Venerable	January 20				Venerable Euthymius the Great	Όσιος Ευθύμιος ο Μέγας	Js. Euthymius Agung
Euthymius, Metropolitan of Sardes	Hieromartyr	December 26				Holy Hieromartyr Euthymius, Metropolitan of Sardes	Άγιος Ιερομάρτυς Ευθύμιος, Μητροπολίτης Σάρδεων	Hieromartir Kudus Euthymius, Metropolitan Sardes
Eutropios	Martyr	March 3				Holy Martyr Eutropios	Άγιος Μάρτυς Ευτρόπιος	Martir Kudus Eutropios
Eutyches	Hieromartyr	August 24				Holy Hieromartyr Eutyches	Άγιος Ιερομάρτυς Ευτυχής	Hieromartir Kudus Eutyches
Eutyches, Bishop of Melitene	Hieromartyr	May 28				Holy Hieromartyr Eutyches, Bishop of Melitene	Άγιος Ιερομάρτυς Ευτυχής, Επίσκοπος Μελιτηνής	Hieromartir Kudus Eutyches, Uskup Melitene
Eutychios	Archbishop of Constantinople	April 6				Veneration of Eutychios, Archbishop of Constantinople	Μνήμη Ευτυχίου, Αρχιεπισκόπου Κωνσταντινουπόλεως	Peringatan Js. Eutykhios, Uskup Agung Konstantinopel
Evarestos	Martyr	December 23				Holy Martyr Evarestos	Άγιος Μάρτυς Εβάρεστος	Martir Kudus Evarestos
Evelpistos	Martyr	June 1				Holy Martyr Evelpistos	Άγιος Μάρτυς Ευέλπιστος	Martir Kudus Evelpistos
Evodios	Martyr	September 1				Holy Martyr Evodios	Άγιος Μάρτυς Ευόδιος	Martir Kudus Evodios
Ezechiel	Prophet	July 23				Prophet Ezechiel	Προφήτης Ιεζεκιήλ	Nabi Yehezkiel
Faith	Martyr	September 17				Holy Martyr Faith (Pistis)	Αγία Μάρτυς Πίστις	Martir Kudus Iman (Pistis)
Faustos	Venerable	August 3				Venerable Faustos	Όσιος Φαύστος	Js. Faustos
Febronia	Martyr	June 25				Holy Martyr Febronia	Αγία Μάρτυς Φεβρωνία	Martir Kudus Febronia
Floros	Martyr	August 18				Holy Martyr Floros	Άγιος Μάρτυς Φλώρος	Martir Kudus Floros
Gabriel	Archangel	March 26				Synaxis of Archangel Gabriel	Σύναξις Αρχαγγέλου Γαβριήλ	Sinaxi Malaikat Agung Gabriel
Gabriel	Archangel	July 13				Synaxis of Archangel Gabriel	Σύναξις Αρχαγγέλου Γαβριήλ	Sinaxi Malaikat Agung Gabriel
Galaktion	Martyr	October 5				Holy Martyr Galaktion	Άγιος Μάρτυς Γαλακτίων	Martir Kudus Galaktion
Gelasios	Martyr	December 23				Holy Martyr Gelasios	Άγιος Μάρτυς Γελάσιος	Martir Kudus Gelasios
George	Bishop of Melitene	April 7				Veneration of George, Bishop of Melitene	Μνήμη Γεωργίου, Επισκόπου Μελιτηνής	Peringatan Js. Georgius, Uskup Melitene
George of Maleum	Venerable	April 4				Venerable George of Maleum	Όσιος Γεώργιος ο Μαλεΐνος	Js. Georgius dari Maleum
George the Chozebite	Venerable	April 4				Venerable George the Chozebite	Όσιος Γεώργιος ο Χοζεβίτης	Js. Georgius sang Khozevit
George the Triumphant	Great martyr	April 23				Holy Great Martyr George the Triumphant	Άγιος Μεγαλομάρτυς Γεώργιος ο Τροπαιοφόρος	Martir Agung Kudus Georgius sang Pembawa Kemenangan
Gerasimos of Jordan	Venerable	March 4				Venerable Gerasimos of Jordan	Όσιος Γεράσιμος ο Ιορδανίτης	Js. Gerasimos dari Yordan
Germanus	Archbishop of Constantinople	May 12				Veneration of Germanus, Archbishop of Constantinople	Μνήμη Γερμανού, Αρχιεπισκόπου Κωνσταντινουπόλεως	Peringatan Js. Germanus, Uskup Agung Konstantinopel
Gervasios	Martyr	October 14				Holy Martyr Gervasios	Άγιος Μάρτυς Γερβάσιος	Martir Kudus Gervasios
Glyceria	Martyr	May 13				Holy Martyr Glyceria	Αγία Μάρτυς Γλυκερία	Martir Kudus Glykeria
Gordios	Martyr	January 3				Holy Martyr Gordios	Άγιος Μάρτυς Γόρδιος	Martir Kudus Gordios
Gourias	Martyr	October 15				Holy Martyr Gourias	Άγιος Μάρτυς Γουρίας	Martir Kudus Gourias
Gregory	Bishop of Agrigentum	October 23				Veneration of Gregory, Bishop of Agrigentum	Μνήμη Γρηγορίου, Επισκόπου Ακραγαντίνων	Peringatan Js. Gregorius, Uskup Agrigentum
Gregory	Bishop of Nyssa	January 10				Veneration of Gregory, Bishop of Nyssa	Μνήμη Γρηγορίου, Επισκόπου Νύσσης	Peringatan Js. Gregorius, Uskup Nisa
Gregory the Decapolite	Venerable	October 20				Venerable Gregory the Decapolite	Όσιος Γρηγόριος ο Δεκαπολίτης	Js. Gregorius sang Dekapolit
Gregory the Theologian	Archbishop of Constantinople	January 30				Gregory the Theologian, Archbishop of Constantinople	Γρηγόριος ο Θεολόγος, Αρχιεπίσκοπος Κωνσταντινουπόλεως	Js. Gregorius sang Teolog, Uskup Agung Konstantinopel
Gregory the Theologian	Archbishop of Constantinople	January 25				Gregory the Theologian, Archbishop of Constantinople	Γρηγόριος ο Θεολόγος, Αρχιεπίσκοπος Κωνσταντινουπόλεως	Js. Gregorius sang Teolog, Uskup Agung Konstantinopel
Gregory the Wonderworker	Bishop of Neocaesarea	October 17				Veneration of Gregory the Wonderworker, Bishop of Neocaesarea	Μνήμη Γρηγορίου του Θαυματουργού, Επισκόπου Νεοκαισαρείας	Peringatan Js. Gregorius sang Pembuat Mukjizat, Uskup Neokaisarea
Gregory, Bishop of Greater Armenia	Hieromartyr	September 30				Holy Hieromartyr Gregory, Bishop of Greater Armenia	Άγιος Ιερομάρτυς Γρηγόριος, Επίσκοπος Μεγάλης Αρμενίας	Hieromartir Kudus Gregorius, Uskup Armenia Raya
Habacuc	Prophet	December 2				Prophet Habacuc	Προφήτης Αββακούμ	Nabi Habakuk
Helen	Equal to the Apostles	May 21				Holy Equal-to-the-Apostles Empress Helen	Αγία Ισαπόστολος Ελένη	Kudus Setara-Rasul Permaisuri Helena
Helladios	Hieromartyr	May 27				Holy Hieromartyr Helladios	Άγιος Ιερομάρτυς Ελλάδιος	Hieromartir Kudus Helladios
Heraclius	Martyr	May 18				Holy Martyr Heraclius	Άγιος Μάρτυς Ηράκλειος	Martir Kudus Heraclius
Hermes	Apostle	April 8				Holy Apostle Hermes	Άγιος Απόστολος Ερμής	Rasul Kudus Hermes
Hermeus the Priest	Hieromartyr	October 4				Holy Hieromartyr Hermeus the Priest	Άγιος Ιερομάρτυς Ερμαίος ο Ιερεύς	Hieromartir Kudus Hermeus sang Imam
Hermios	Martyr	May 31				Holy Martyr Hermios	Άγιος Μάρτυς Ερμείος	Martir Kudus Hermios
Hermippos	Martyr	July 26				Holy Martyr Hermippos	Άγιος Μάρτυς Έρμιππος	Martir Kudus Hermippos
Hermocratos	Martyr	July 26				Holy Martyr Hermocratos	Άγιος Μάρτυς Ερμοκράτης	Martir Kudus Hermocratos
Hermogenes	Martyr	December 10				Holy Martyr Hermogenes	Άγιος Μάρτυς Ερμογένης	Martir Kudus Hermogenes
Hermolaus	Hieromartyr	July 26				Holy Hieromartyr Hermolaus	Άγιος Ιερομάρτυς Ερμόλαος	Hieromartir Kudus Hermolaus
Hermylos	Martyr	January 13				Holy Martyr Hermylos	Άγιος Μάρτυς Ερμύλος	Martir Kudus Hermylos
Herodion	Apostle	April 8				Holy Apostle Herodion	Άγιος Απόστολος Ηρωδίων	Rasul Kudus Herodion
Hierotheos	Bishop of Athens	October 4				Veneration of Hierotheos, Bishop of Athens	Μνήμη Ιεροθέου, Επισκόπου Αθηνών	Peringatan Js. Hierotheos, Uskup Athena
Hilarion the Great	Venerable	October 21				Venerable Hilarion the Great	Όσιος Ιλαρίων ο Μέγας	Js. Hilarion Agung
Hilarion the Younger	Venerable	March 28				Venerable Hilarion the Younger	Όσιος Ιλαρίων ο Νέος	Js. Hilarion Muda
Hilarion the Younger, Hegumen of the Monastery of Dalmaton	Venerable	June 6				Venerable Hilarion the Younger, Hegumen of the Monastery of Dalmaton	Όσιος Ιλαρίων ο Νέος, Ηγούμενος Μονής Δαλμάτου	Js. Hilarion Muda, Hegumen Biara Dalmaton
Hilarios	Martyr	July 12				Holy Martyr Hilarios	Άγιος Μάρτυς Ιλάριος	Martir Kudus Hilarios
Hippolytus	Hieromartyr	January 30				Holy Hieromartyr Hippolytus	Άγιος Ιερομάρτυς Ιππόλυτος	Hieromartir Kudus Hippolytus
Hope	Martyr	September 17				Holy Martyr Hope (Elpis)	Αγία Μάρτυς Ελπίς	Martir Kudus Harapan (Elpis)
Hyacinthos	Martyr	July 3				Holy Martyr Hyacinthos	Άγιος Μάρτυς Υάκινθος	Martir Kudus Hyacinthos
Hypatios	Bishop of Gangra	March 31				Veneration of Hypatios, Bishop of Gangra	Μνήμη Υπατίου, Επισκόπου Γάγγρας	Peringatan Js. Hypatios, Uskup Gangra
Ignatius the God-Bearer	Hieromartyr	December 20				Holy Hieromartyr Ignatius the God-Bearer	Άγιος Ιερομάρτυς Ιγνάτιος ο Θεοφόρος	Hieromartir Kudus Ignatius sang Pemikul Allah
Infants killed by Herod in Bethlehem	Holy	December 29				Holy Infants killed by Herod in Bethlehem	Άγια Νήπια τα υπό Ηρώδου αναιρεθέντα εν Βηθλεέμ	Bayi-bayi Kudus yang dibunuh oleh Herodes di Betlehem
Irenarchos	Martyr	October 28				Holy Martyr Irenarchos	Άγιος Μάρτυς Ειρήναρχος	Martir Kudus Irenarchos
Irene	Martyr	April 16				Holy Martyr Irene	Αγία Μάρτυς Ειρήνη	Martir Kudus Irene
Irene	Martyr	May 5				Holy Martyr Irene	Αγία Μάρτυς Ειρήνη	Martir Kudus Irene
Isaac, Hegumen of the Monastery of Dalmaton	Venerable	May 30				Venerable Isaac, Hegumen of the Monastery of Dalmaton	Όσιος Ισαάκ, Ηγούμενος Μονής Δαλμάτου	Js. Ishak, Hegumen Biara Dalmaton
Isaac, Hegumen of the Monastery of Dalmaton	Venerable	August 3				Venerable Isaac, Hegumen of the Monastery of Dalmaton	Όσιος Ισαάκ, Ηγούμενος Μονής Δαλμάτου	Js. Ishak, Hegumen Biara Dalmaton
Isaias	Prophet	May 9				Prophet Isaias	Προφήτης Ησαΐας	Nabi Yesaya
Isidore of Chios	Martyr	May 14				Holy Martyr Isidore of Chios	Άγιος Μάρτυς Ισίδωρος ο εν Χίω	Martir Kudus Isidorus dari Khios
Isidore of Pelusium	Venerable	February 4				Venerable Isidore of Pelusium	Όσιος Ισίδωρος ο Πηλουσιώτης	Js. Isidorus dari Pelusium
Ismael	Martyr	June 17				Holy Martyr Ismael	Άγιος Μάρτυς Ισμαήλ	Martir Kudus Ismael
James the Confessor, Bishop of Catana	Venerable	March 21				Venerable James the Confessor, Bishop of Catana	Όσιος Ιάκωβος ο Ομολογητής, Επίσκοπος Κατάνης	Js. Yakobus sang Pengaku Iman, Uskup Katana
James the Persian	Great martyr	October 27				Holy Great Martyr James the Persian	Άγιος Μεγαλομάρτυς Ιάκωβος ο Πέρσης	Martir Agung Kudus Yakobus dari Persia
James, brother of the Lord, Bishop of Jerusalem	Apostle	October 9				Holy Apostle James, brother of the Lord, Bishop of Jerusalem	Άγιος Απόστολος Ιάκωβος, Αδελφόθεος, Επίσκοπος Ιεροσολύμων	Rasul Kudus Yakobus, Saudara Tuhan, Uskup Yerusalem
James, brother of the Lord, Bishop of Jerusalem	Apostle	October 23				Holy Apostle James, brother of the Lord, Bishop of Jerusalem	Άγιος Απόστολος Ιάκωβος, Αδελφόθεος, Επίσκοπος Ιεροσολύμων	Rasul Kudus Yakobus, Saudara Tuhan, Uskup Yerusalem
James, brother of the Lord, Bishop of Jerusalem	Apostle	December 26			Sunday December 26 or the Sunday after the Feast of the Nativity according to the Flesh of Our Lord, God, and Savior Jesus Christ: April 30	Holy Apostle James, brother of the Lord, Bishop of Jerusalem	Άγιος Απόστολος Ιάκωβος, Αδελφόθεος, Επίσκοπος Ιεροσολύμων	Rasul Kudus Yakobus, Saudara Tuhan, Uskup Yerusalem
Januarios	Hieromartyr	April 21				Holy Hieromartyr Januarios	Άγιος Ιερομάρτυς Ιανουάριος	Hieromartir Kudus Januarios
Jason	Apostle	April 28				Holy Apostle Jason	Άγιος Απόστολος Ιάσων	Rasul Kudus Yason
Jeremia	Prophet	May 1				Prophet Jeremia	Προφήτης Ιερεμίας	Nabi Yeremia
Joachim		September 9				Veneration of Righteous Joachim	Μνήμη Δικαίου Ιωακείμ	Peringatan Js. Yoakim
Joannikios the Great	Venerable	October 4				Venerable Joannikios the Great	Όσιος Ιωαννίκιος ο Μέγας	Js. Yoannikios Agung
Job	the severely tried	May 6				Veneration of Righteous Job the Long-suffering	Μνήμη Δικαίου Ιώβ του Πολυάθλου	Peringatan Js. Ayub yang Banyak Menderita
Joel	Prophet	October 19				Prophet Joel	Προφήτης Ιωήλ	Nabi Yoel
John	companion of Saint Simeon	July 21				Veneration of John, companion of Saint Simeon	Μνήμη Ιωάννου, συνοδοιπόρου του Αγίου Συμεών	Peringatan Js. Yohanes, sahabat Js. Simeon
John	Unmercenary	January 31				Holy Unmercenary John	Άγιος Ανάργυρος Ιωάννης	Kudus Tanpa Bayaran Yohanes
John	Unmercenary	June 28				Holy Unmercenary John	Άγιος Ανάργυρος Ιωάννης	Kudus Tanpa Bayaran Yohanes
John Chrysostom	Archbishop of Constantinople	October 13				John Chrysostom, Archbishop of Constantinople	Ιωάννης ο Χρυσόστομος, Αρχιεπίσκοπος Κωνσταντινουπόλεως	Js. Yohanes Krisostomus, Uskup Agung Konstantinopel
John Chrysostom	Archbishop of Constantinople	January 30				John Chrysostom, Archbishop of Constantinople	Ιωάννης ο Χρυσόστομος, Αρχιεπίσκοπος Κωνσταντινουπόλεως	Js. Yohanes Krisostomus, Uskup Agung Konstantinopel
John Climacus	Venerable	March 30				Venerable John Climacus	Όσιος Ιωάννης της Κλίμακος	Js. Yohanes Klimakus
John Damascene	Venerable	December 4				Venerable John Damascene	Όσιος Ιωάννης ο Δαμασκηνός	Js. Yohanes Damaskinus
John II	Archbishop of Constantinople	August 30				Veneration of John II, Archbishop of Constantinople	Μνήμη Ιωάννου Β', Αρχιεπισκόπου Κωνσταντινουπόλεως	Peringatan Js. Yohanes II, Uskup Agung Konstantinopel
John of the Old Laura	Venerable	April 19				Venerable John of the Old Laura	Όσιος Ιωάννης της Παλαιάς Λαύρας	Js. Yohanes dari Laura Lama
John the Almsgiver	Archbishop of Alexandria	October 12				Veneration of John the Almsgiver, Archbishop of Alexandria	Μνήμη Ιωάννου του Ελεήμονος, Αρχιεπισκόπου Αλεξανδρείας	Peringatan Js. Yohanes sang Pemberi Sedekah, Uskup Agung Aleksandria
John the Evangelist	Apostle	September 26				Holy Apostle and Evangelist John the Theologian	Άγιος Απόστολος και Ευαγγελιστής Ιωάννης ο Θεολόγος	Rasul dan Penginjil Kudus Yohanes sang Teolog
John the Faster	Patriarch of Constantinople	September 2				Veneration of John the Faster, Patriarch of Constantinople	Μνήμη Ιωάννου του Νηστευτού, Πατριάρχου Κωνσταντινουπόλεως	Peringatan Js. Yohanes sang Berpuasa, Patriarkh Konstantinopel
John the Hut-Dweller	Venerable	January 15				Venerable John the Hut-Dweller	Όσιος Ιωάννης ο Καλυβίτης	Js. Yohanes sang Penghuni Gubuk
John, Disciple of Saint Gregory the Decapolite	Venerable	April 18				Venerable John, Disciple of Saint Gregory the Decapolite	Όσιος Ιωάννης, Μαθητής του Αγίου Γρηγορίου του Δεκαπολίτου	Js. Yohanes, Murid Js. Gregorius sang Dekapolit
Joseph the Confessor	Archbishop of Thessalonica	July 14				Veneration of Joseph the Confessor, Archbishop of Thessalonica	Μνήμη Ιωσήφ του Ομολογητού, Αρχιεπισκόπου Θεσσαλονίκης	Peringatan Js. Yusuf sang Pengaku Iman, Uskup Agung Tesalonika
Joseph the Hymnographer	Venerable	April 4				Venerable Joseph the Hymnographer	Όσιος Ιωσήφ ο Υμνογράφος	Js. Yusuf sang Pembuat Himne
Joseph the Priest	Martyr	October 3				Holy Martyr Joseph the Priest	Άγιος Μάρτυς Ιωσήφ ο Ιερεύς	Martir Kudus Yusuf sang Imam
Joseph the Spouse and the Guardian of the Virgin		December 26			Sunday December 26 or the Sunday after the Feast of the Nativity according to the Flesh of Our Lord, God, and Savior Jesus Christ	Veneration of Righteous Joseph the Betrothed, Guardian of the Virgin	Μνήμη Δικαίου Ιωσήφ του Μνήστορος, Προστάτου της Παρθένου	Peringatan Js. Yusuf sang Tunangan, Pelindung Perawan
Josue, the son of Nun, the successor of Moses		September 1				Veneration of Josue, Son of Nun, Successor of Moses	Μνήμη Ιησού του Ναυή, Διαδόχου Μωυσέως	Peringatan Js. Yosua bin Nun, Penerus Musa
Jude	Apostle	June 19				Holy Apostle Jude	Άγιος Απόστολος Ιούδας	Rasul Kudus Yudas
Jude	Apostle	August 21				Holy Apostle Jude	Άγιος Απόστολος Ιούδας	Rasul Kudus Yudas
Julian of Tarsus	Martyr	June 21				Holy Martyr Julian of Tarsus	Άγιος Μάρτυς Ιουλιανός ο εκ Ταρσού	Martir Kudus Julian dari Tarsus
Julian, a physician of Emesa	Martyr	February 6				Holy Martyr Julian, a physician of Emesa	Άγιος Μάρτυς Ιουλιανός, Ιατρός εξ Εμέσης	Martir Kudus Julian, tabib dari Emesa
Juliana of Nicomedia	Martyr	December 21				Holy Martyr Juliana of Nicomedia	Αγία Μάρτυς Ιουλιανή η εν Νικομηδεία	Martir Kudus Juliana dari Nikomedia
Julitta	Martyr	July 15				Holy Martyr Julitta	Αγία Μάρτυς Ιουλίττα	Martir Kudus Julitta
Junias	Apostle	May 17				Holy Apostle Junias	Άγιος Απόστολος Ιουνίας	Rasul Kudus Junias
Justin the Philosopher	Martyr	June 1				Holy Martyr Justin the Philosopher	Άγιος Μάρτυς Ιουστίνος ο Φιλόσοφος	Martir Kudus Justinus sang Filsuf
Justina	Martyr	October 2				Holy Martyr Justina	Αγία Μάρτυς Ιουστίνα	Martir Kudus Justina
Kalliopios	Martyr	April 7				Holy Martyr Kalliopios	Άγιος Μάρτυς Καλλιόπιος	Martir Kudus Kalliopios
Kerikos	Martyr	July 15				Holy Martyr Kerikos	Άγιος Μάρτυς Κήρυκος	Martir Kudus Kerikos
Kyriake	Great martyr	July 7				Holy Great Martyr Kyriake	Αγία Μεγαλομάρτυς Κυριακή	Martir Agung Kudus Kyriake
Lampadios the Wonderworker	Venerable	July 5				Venerable Lampadios the Wonderworker	Όσιος Λαμπάδιος ο Θαυματουργός	Js. Lampadios sang Pembuat Mukjizat
Laurence	Martyr	August 10				Holy Martyr Laurence	Άγιος Μάρτυς Λαυρέντιος	Martir Kudus Laurensius
Lauros	Martyr	August 18				Holy Martyr Lauros	Άγιος Μάρτυς Λαύρος	Martir Kudus Lauros
Lazarus the Wonderworker	Venerable	October 7				Venerable Lazarus the Wonderworker	Όσιος Λάζαρος ο Θαυματουργός	Js. Lazarus sang Pembuat Mukjizat
Leo	Bishop of Catana	February 20				Veneration of Leo, Bishop of Catana	Μνήμη Λέοντος, Επισκόπου Κατάνης	Peringatan Js. Leo, Uskup Katana
Leo, Pope of Rome	Venerable	February 18			461	Venerable Leo, Pope of Rome	Όσιος Λέων, Πάπας Ρώμης	Js. Leo, Paus Roma
Leontios	Martyr	June 18				Holy Martyr Leontios	Άγιος Μάρτυς Λεόντιος	Martir Kudus Leontios
Leucios	Martyr	December 14				Holy Martyr Leucios	Άγιος Μάρτυς Λεύκιος	Martir Kudus Leucios
Liberian	Martyr	June 1				Holy Martyr Liberian	Άγιος Μάρτυς Λιβεριανός	Martir Kudus Liberian
Longinus the Centurion	Martyr	October 16				Holy Martyr Longinus the Centurion	Άγιος Μάρτυς Λογγίνος ο Εκατόνταρχος	Martir Kudus Longinus sang Perwira
Lucian	Hieromartyr	October 15				Holy Hieromartyr Lucian	Άγιος Ιερομάρτυς Λουκιανός	Hieromartir Kudus Lukian
Lucillian	Martyr	June 3				Holy Martyr Lucillian	Άγιος Μάρτυς Λουκιλλιανός	Martir Kudus Lucillian
Lucy	Martyr	December 13				Holy Martyr Lucy	Αγία Μάρτυς Λουκία	Martir Kudus Lucia
Luke of Stirion	Venerable	February 7				Venerable Luke of Stirion	Όσιος Λουκάς ο εν Στειρίω	Js. Lukas dari Stirion
Luke the Evangelist	Apostle	October 18				Holy Apostle and Evangelist Luke	Άγιος Απόστολος και Ευαγγελιστής Λουκάς	Rasul dan Penginjil Kudus Lukas
Luppos	Martyr	August 23				Holy Martyr Luppos	Άγιος Μάρτυς Λούππος	Martir Kudus Luppos
Macrina	Venerable	July 19				Venerable Macrina	Οσία Μακρίνα	Js. Makrina
Magnus	Martyr	April 29				Holy Martyr Magnus	Άγιος Μάρτυς Μάγνος	Martir Kudus Magnus
Makarios	Martyr	April 10				Holy Martyr Makarios	Άγιος Μάρτυς Μακάριος	Martir Kudus Makarios
Makarios the Egyptian	Venerable	January 19				Venerable Makarios the Egyptian	Όσιος Μακάριος ο Αιγύπτιος	Js. Makarios dari Mesir
Malachia	Prophet	January 3				Prophet Malachia	Προφήτης Μαλαχίας	Nabi Maleakhi
Mamas	Martyr	September 2				Holy Martyr Mamas	Άγιος Μάρτυς Μάμας	Martir Kudus Mamas
Manuel	Martyr	June 17				Holy Martyr Manuel	Άγιος Μάρτυς Μανουήλ	Martir Kudus Manuel
Marcian	Martyr	October 25				Holy Martyr Marcian	Άγιος Μάρτυς Μαρκιανός	Martir Kudus Markian
Marcian	Venerable	January 10				Venerable Marcian	Όσιος Μαρκιανός	Js. Markian
Mardarios	Martyr	December 13				Holy Martyr Mardarios	Άγιος Μάρτυς Μαρδάριος	Martir Kudus Mardarios
Marina	Great martyr	July 17				Holy Great Martyr Marina	Αγία Μεγαλομάρτυς Μαρίνα	Martir Agung Kudus Marina
Mark the Evangelist	Apostle	April 25				Holy Apostle and Evangelist Mark	Άγιος Απόστολος και Ευαγγελιστής Μάρκος	Rasul dan Penginjil Kudus Markus
Mark, Bishop of Arethusa	Venerable	March 29				Venerable Mark, Bishop of Arethusa	Όσιος Μάρκος, Επίσκοπος Αρεθούσης	Js. Markus, Uskup Arethusa
Markellos	Venerable	December 29				Venerable Markellos	Όσιος Μάρκελλος	Js. Markellos
Maron the Hermit	Venerable	February 14				Venerable Maron the Hermit	Όσιος Μάρων ο Ερημίτης	Js. Maron sang Pertapa
Martha	Mother of Saint Simeon of the Wonderful Mountain	July 5				Veneration of Righteous Martha, Mother of Saint Simeon of the Wonderful Mountain	Μνήμη Δικαίας Μάρθας, Μητρός Αγίου Συμεών του Θαυμαστορείτου	Peringatan Js. Martha, Ibu Js. Simeon dari Gunung Ajaib
Martin	Pope of Rome	April 13			655	Veneration of Martin, Pope of Rome	Μνήμη Μαρτίνου, Πάπα Ρώμης	Peringatan Js. Martinus, Paus Roma
Martinian	Venerable	February 13				Venerable Martinian	Όσιος Μαρτινιανός	Js. Martinian
Martyrios	Martyr	October 25				Holy Martyr Martyrios	Άγιος Μάρτυς Μαρτύριος	Martir Kudus Martyrios
Mary Magdalene	Equal to the Apostles	July 22				Holy Equal-to-the-Apostles Mary Magdalene	Αγία Ισαπόστολος Μαρία η Μαγδαληνή	Kudus Setara-Rasul Maria Magdalena
Mary the Egyptian	Venerable	April 1				Venerable Mary the Egyptian	Οσία Μαρία η Αιγυπτία	Js. Maria dari Mesir
Matrona	Venerable	October 9				Venerable Matrona	Οσία Ματρώνα	Js. Matrona
Matrona of Thessalonica	Venerable	March 27				Venerable Matrona of Thessalonica	Οσία Ματρώνα η Θεσσαλονίκης	Js. Matrona dari Tesalonika
Matthew the Evangelist	Apostle	October 16				Holy Apostle and Evangelist Matthew	Άγιος Απόστολος και Ευαγγελιστής Ματθαίος	Rasul dan Penginjil Kudus Matius
Matthias	Apostle	August 9				Holy Apostle Matthias	Άγιος Απόστολος Ματθίας	Rasul Kudus Matias
Maura	Martyr	May 3				Holy Martyr Maura	Αγία Μάρτυς Μαύρα	Martir Kudus Maura
Maximos	Martyr	April 10				Holy Martyr Maximos	Άγιος Μάρτυς Μάξιμος	Martir Kudus Maximos
Maximos	Martyr	April 28				Holy Martyr Maximos	Άγιος Μάρτυς Μάξιμος	Martir Kudus Maximos
Maximos the Confessor	Venerable	January 21				Venerable Maximos the Confessor	Όσιος Μάξιμος ο Ομολογητής	Js. Maximos sang Pengaku Iman
Melania the Roman	Venerable	December 31				Venerable Melania the Roman	Οσία Μελάνη η Ρωμαία	Js. Melania dari Roma
Meletios	Archbishop of Antioch	February 12				Veneration of Meletios, Archbishop of Antioch	Μνήμη Μελετίου, Αρχιεπισκόπου Αντιοχείας	Peringatan Js. Meletios, Uskup Agung Antiokhia
Memnon	Venerable	April 29				Venerable Memnon	Όσιος Μέμνων	Js. Memnon
Menander	Martyr	May 19				Holy Martyr Menander	Άγιος Μάρτυς Μένανδρος	Martir Kudus Menander
Menas	Martyr	October 11				Holy Martyr Menas	Άγιος Μάρτυς Μηνάς	Martir Kudus Menas
Menas	Martyr	December 10				Holy Martyr Menas	Άγιος Μάρτυς Μηνάς	Martir Kudus Menas
Menodora	Martyr	September 10				Holy Martyr Menodora	Αγία Μάρτυς Μηνοδώρα	Martir Kudus Menodora
Mercury	Great martyr	October 25				Holy Great Martyr Mercury	Άγιος Μεγαλομάρτυς Μερκούριος	Martir Agung Kudus Merkurius
Methodius	Apostle of the Slavs	May 11				Holy Equal-to-the-Apostles Methodius, Apostle of the Slavs	Άγιος Ισαπόστολος Μεθόδιος, Απόστολος των Σλάβων	Kudus Setara-Rasul Methodius, Rasul Bangsa Slavia
Methodius the Confessor	Archbishop of Constantinople	June 14				Veneration of Methodius the Confessor, Archbishop of Constantinople	Μνήμη Μεθοδίου του Ομολογητού, Αρχιεπισκόπου Κωνσταντινουπόλεως	Peringatan Js. Methodius sang Pengaku Iman, Uskup Agung Konstantinopel
Methodius, Bishop of Olympus	Hieromartyr	June 20				Holy Hieromartyr Methodius, Bishop of Olympus	Άγιος Ιερομάρτυς Μεθόδιος, Επίσκοπος Ολύμπου	Hieromartir Kudus Methodius, Uskup Olympus
Metrodora	Martyr	September 10				Holy Martyr Metrodora	Αγία Μάρτυς Μητροδώρα	Martir Kudus Metrodora
Metrophanes	Bishop of Constantinople	June 4				Veneration of Metrophanes, Bishop of Constantinople	Μνήμη Μητροφάνους, Επισκόπου Κωνσταντινουπόλεως	Peringatan Js. Metrophanes, Uskup Konstantinopel
Michael	Archangel	October 8				Synaxis of Archangel Michael and all the Bodiless Powers of Heaven	Σύναξις Αρχαγγέλου Μιχαήλ και πασών των Ασωμάτων Δυνάμεων	Sinaxi Malaikat Agung Mikhael dan seluruh Kuasa Surgawi yang Tak Berwujud
Michael, Metropolitan of Synnada	Venerable	May 23				Venerable Michael, Metropolitan of Synnada	Όσιος Μιχαήλ, Μητροπολίτης Συννάδων	Js. Mikhael, Metropolitan Synnada
Michea	Prophet	August 14				Prophet Michea	Προφήτης Μιχαίας	Nabi Mikha
Misael	one of the Three Youths	December 17				Holy Youth Misael, one of the Three Youths	Άγιος Μισαήλ, εις εκ των Τριών Παίδων	Pemuda Kudus Misael, salah satu dari Tiga Pemuda
Mokios	Hieromartyr	May 11				Holy Hieromartyr Mokios	Άγιος Ιερομάρτυς Μώκιος	Hieromartir Kudus Mokios
Moses	Prophet	September 4				Prophet Moses the God-seer	Προφήτης Μωυσής ο Θεόπτης	Nabi Musa sang Pelihat Allah
Moses the Ethiopian	Venerable	August 28				Venerable Moses the Ethiopian	Όσιος Μωυσής ο Αιθίοψ	Js. Musa dari Etiopia
Myron	Martyr	August 17				Holy Martyr Myron	Άγιος Μάρτυς Μύρων	Martir Kudus Myron
Nahum	Prophet	December 1				Prophet Nahum	Προφήτης Ναούμ	Nabi Nahum
Narcissus	Apostle	October 31				Holy Apostle Narcissus	Άγιος Απόστολος Νάρκισσος	Rasul Kudus Narcissus
Natalia	Martyr	August 26				Holy Martyr Natalia	Αγία Μάρτυς Ναταλία	Martir Kudus Natalia
Nazarios	Martyr	October 14				Holy Martyr Nazarios	Άγιος Μάρτυς Ναζάριος	Martir Kudus Nazarios
Neonila	Martyr	October 28				Holy Martyr Neonila	Αγία Μάρτυς Νεονίλλα	Martir Kudus Neonila
Neophytos	Martyr	January 21				Holy Martyr Neophytos	Άγιος Μάρτυς Νεόφυτος	Martir Kudus Neophytos
Nestor	Martyr	October 27				Holy Martyr Nestor	Άγιος Μάρτυς Νέστωρ	Martir Kudus Nestor
Nicander, Bishop of Myra	Hieromartyr	October 4				Holy Hieromartyr Nicander, Bishop of Myra	Άγιος Ιερομάρτυς Νίκανδρος, Επίσκοπος Μύρων	Hieromartir Kudus Nikander, Uskup Myra
Nicanor	Apostle	July 28				Holy Apostle Nicanor	Άγιος Απόστολος Νικάνωρ	Rasul Kudus Nikanor
Nicephoros	Martyr	February 9				Holy Martyr Nicephoros	Άγιος Μάρτυς Νικηφόρος	Martir Kudus Nikephoros
Nicephoros	Martyr	April 5				Holy Martyr Nicephoros	Άγιος Μάρτυς Νικηφόρος	Martir Kudus Nikephoros
Nicephoros the Confessor	Archbishop of Constantinople	June 2				Veneration of Nicephoros the Confessor, Archbishop of Constantinople	Μνήμη Νικηφόρου του Ομολογητού, Αρχιεπισκόπου Κωνσταντινουπόλεως	Peringatan Js. Nikephoros sang Pengaku Iman, Uskup Agung Konstantinopel
Nicholas	Archbishop of Myra in Lycia	December 6				Nicholas the Wonderworker, Archbishop of Myra in Lycia	Νικόλαος ο Θαυματουργός, Αρχιεπίσκοπος Μύρων της Λυκίας	Js. Nikolaus sang Pembuat Mukjizat, Uskup Agung Myra di Lykia
Nikita	Martyr	September 15				Holy Martyr Nikita	Άγιος Μάρτυς Νικήτας	Martir Kudus Nikita
Nikita, Hegumen of the monastery of Medicius	Venerable	April 3				Venerable Nikita, Hegumen of the monastery of Medicius	Όσιος Νικήτας, Ηγούμενος Μονής Μηδικίου	Js. Nikita, Hegumen Biara Medicius
Nikon	Hieromartyr	March 23				Holy Hieromartyr Nikon	Άγιος Ιερομάρτυς Νίκων	Hieromartir Kudus Nikon
Nikon the Preacher of Repentence	Venerable	April 3				Venerable Nikon the Preacher of Repentance	Όσιος Νίκων ο Μετανοείτε	Js. Nikon sang Pengkhotbah Pertobatan
Nilus the Sinaite	Venerable	October 12				Venerable Nilus the Sinaite	Όσιος Νείλος ο Σιναΐτης	Js. Nilus dari Sinai
Nymphodora	Martyr	September 10				Holy Martyr Nymphodora	Αγία Μάρτυς Νυμφοδώρα	Martir Kudus Nymphodora
Olympus	Apostle	October 10				Holy Apostle Olympus	Άγιος Απόστολος Ολυμπάς	Rasul Kudus Olympas
Onesimos	Apostle	February 15				Holy Apostle Onesimos	Άγιος Απόστολος Ονήσιμος	Rasul Kudus Onesimus
Onesimos	Apostle	October 22				Holy Apostle Onesimos	Άγιος Απόστολος Ονήσιμος	Rasul Kudus Onesimus
Onesiphoros	Martyr	October 9				Holy Martyr Onesiphoros	Άγιος Μάρτυς Ονησιφόρος	Martir Kudus Onesiphoros
Onuphrius	Venerable	June 12				Venerable Onuphrius	Όσιος Ονούφριος	Js. Onuphrius
Orestes	Apostle	October 10				Holy Apostle Orestes	Άγιος Απόστολος Ορέστης	Rasul Kudus Orestes
Orestes	Martyr	December 13				Holy Martyr Orestes	Άγιος Μάρτυς Ορέστης	Martir Kudus Orestes
Osee	Prophet	October 17				Prophet Osee	Προφήτης Ωσηέ	Nabi Hosea
Pachomios the Great	Venerable	May 15				Venerable Pachomios the Great	Όσιος Παχώμιος ο Μέγας	Js. Pakhomius Agung
Paesis	Martyr	March 15				Holy Martyr Paesis	Άγιος Μάρτυς Παΐσιος	Martir Kudus Paesis
Pamphilos	Martyr	February 16				Holy Martyr Pamphilos	Άγιος Μάρτυς Πάμφιλος	Martir Kudus Pamphilos
Pancratios, Bishop of Taormina	Hieromartyr	July 9				Holy Hieromartyr Pancratios, Bishop of Taormina	Άγιος Ιερομάρτυς Παγκράτιος, Επίσκοπος Ταυρομενίας	Hieromartir Kudus Pankratios, Uskup Taormina
Panteleemon	Great martyr	July 27				Holy Great Martyr and Healer Panteleemon	Άγιος Μεγαλομάρτυς και Ιαματικός Παντελεήμων	Martir Agung dan Penyembuh Kudus Panteleemon
Paphnutios	Hieromartyr	April 19				Holy Hieromartyr Paphnutios	Άγιος Ιερομάρτυς Παφνούτιος	Hieromartir Kudus Paphnutios
Pappias	Martyr	April 5				Holy Martyr Pappias	Άγιος Μάρτυς Παππίας	Martir Kudus Pappias
Papylos	Martyr	October 13				Holy Martyr Papylos	Άγιος Μάρτυς Πάπυλος	Martir Kudus Papylos
Paramonos	Martyr	October 29				Holy Martyr Paramonos	Άγιος Μάρτυς Παράμονος	Martir Kudus Paramonos
Paraskevia	Hosiomartyr	July 26				Holy Hosiomartyr Paraskevia	Αγία Οσιομάρτυς Παρασκευή	Hosiomartir Kudus Paraskevia
Parmenas	Apostle	July 28				Holy Apostle Parmenas	Άγιος Απόστολος Παρμενάς	Rasul Kudus Parmenas
Parthenios, Bishop of Lampascus	Venerable	February 7				Venerable Parthenios, Bishop of Lampascus	Όσιος Παρθένιος, Επίσκοπος Λαμψάκου	Js. Parthenios, Uskup Lampsakus
Patapios	Venerable	December 8				Venerable Patapios	Όσιος Παταπίος	Js. Patapios
Patricios	Martyr	May 19				Holy Martyr Patricios	Άγιος Μάρτυς Πατρίκιος	Martir Kudus Patrikios
Paul	Martyr	May 18				Holy Martyr Paul	Άγιος Μάρτυς Παύλος	Martir Kudus Paulus
Paul of Thebes	Venerable	January 15				Venerable Paul of Thebes	Όσιος Παύλος ο Θηβαίος	Js. Paulus dari Theba
Paul the Apostle		June 29				Holy Glorious and All-laudable Apostle Paul	Άγιος Ένδοξος και Πανεύφημος Απόστολος Παύλος	Rasul Kudus yang Mulia dan Terpuji Paulus
Paul the Confessor	Bishop of Constantinople	October 6				Veneration of Paul the Confessor, Bishop of Constantinople	Μνήμη Παύλου του Ομολογητού, Επισκόπου Κωνσταντινουπόλεως	Peringatan Js. Paulus sang Pengaku Iman, Uskup Konstantinopel
Paul the Younger	Archbishop of Constantinople	August 30				Veneration of Paul the Younger, Archbishop of Constantinople	Μνήμη Παύλου του Νέου, Αρχιεπισκόπου Κωνσταντινουπόλεως	Peringatan Js. Paulus Muda, Uskup Agung Konstantinopel
Paulinos	Martyr	May 18				Holy Martyr Paulinos	Άγιος Μάρτυς Παυλίνος	Martir Kudus Paulinos
Pegasios	Martyr	October 2				Holy Martyr Pegasios	Άγιος Μάρτυς Πηγάσιος	Martir Kudus Pegasios
Pelagia	Martyr	May 4				Holy Martyr Pelagia	Αγία Μάρτυς Πελαγία	Martir Kudus Pelagia
Pelagia	Venerable	October 8				Venerable Pelagia	Οσία Πελαγία	Js. Pelagia
Peon	Martyr	June 1				Holy Martyr Peon	Άγιος Μάρτυς Πέων	Martir Kudus Peon
Peter	Martyr	May 18				Holy Martyr Peter	Άγιος Μάρτυς Πέτρος	Martir Kudus Petrus
Peter of Mount Athos	Venerable	June 12				Venerable Peter of Mount Athos	Όσιος Πέτρος ο εν Άθω	Js. Petrus dari Gunung Athos
Peter the Apostle		June 29				Holy Glorious and All-laudable Apostle Peter	Άγιος Ένδοξος και Πανεύφημος Απόστολος Πέτρος	Rasul Kudus yang Mulia dan Terpuji Petrus
Peter, Bishop of Alexandria	Hieromartyr	October 24				Holy Hieromartyr Peter, Bishop of Alexandria	Άγιος Ιερομάρτυς Πέτρος, Επίσκοπος Αλεξανδρείας	Hieromartir Kudus Petrus, Uskup Aleksandria
Philemon	Apostle	October 22				Holy Apostle Philemon	Άγιος Απόστολος Φιλήμων	Rasul Kudus Filemon
Philemon	Martyr	December 14				Holy Martyr Philemon	Άγιος Μάρτυς Φιλήμων	Martir Kudus Filemon
Philemon	Martyr	April 29				Holy Martyr Philemon	Άγιος Μάρτυς Φιλήμων	Martir Kudus Filemon
Philip	Apostle	October 14				Holy Apostle Philip	Άγιος Απόστολος Φίλιππος	Rasul Kudus Filipus
Philip	Apostle, one of the Seven Deacons	October 11				Holy Apostle Philip, one of the Seven Deacons	Άγιος Απόστολος Φίλιππος, εις εκ των Επτά Διακόνων	Rasul Kudus Filipus, salah satu dari Tujuh Diakon
Philomenos	Martyr	October 29				Holy Martyr Philomenos	Άγιος Μάρτυς Φιλούμενος	Martir Kudus Philomenos
Phlegon	Apostle	April 8				Holy Apostle Phlegon	Άγιος Απόστολος Φλέγων	Rasul Kudus Phlegon
Phocas, Bishop of Sinope	Hieromartyr	September 22				Holy Hieromartyr Phocas, Bishop of Sinope	Άγιος Ιερομάρτυς Φωκάς, Επίσκοπος Σινώπης	Hieromartir Kudus Phokas, Uskup Sinope
Photios	Martyr	August 12				Holy Martyr Photios	Άγιος Μάρτυς Φώτιος	Martir Kudus Photios
Pistis	Martyr	September 17				Holy Martyr Pistis (Faith)	Αγία Μάρτυς Πίστις	Martir Kudus Iman (Pistis)
Plato	Martyr	October 18				Holy Martyr Plato	Άγιος Μάρτυς Πλάτων	Martir Kudus Plato
Poemen	Venerable	August 27				Venerable Poemen	Όσιος Ποιμήν	Js. Poimen
Polycarp, Bishop of Smyrna	Hieromartyr	February 23				Holy Hieromartyr Polycarp, Bishop of Smyrna	Άγιος Ιερομάρτυς Πολύκαρπος, Επίσκοπος Σμύρνης	Hieromartir Kudus Polikarpus, Uskup Smirna
Polyenos	Martyr	May 19				Holy Martyr Polyenos	Άγιος Μάρτυς Πολύαινος	Martir Kudus Polyenos
Polyeuktos	Martyr	January 9				Holy Martyr Polyeuktos	Άγιος Μάρτυς Πολύευκτος	Martir Kudus Polyeuktos
Pompeius	Martyr	April 10				Holy Martyr Pompeius	Άγιος Μάρτυς Πομπήιος	Martir Kudus Pompeius
Pompios	Martyr	December 23				Holy Martyr Pompios	Άγιος Μάρτυς Πόμπιος	Martir Kudus Pompios
Porphyrios	Bishop of Gaza	February 26				Veneration of Porphyrios, Bishop of Gaza	Μνήμη Πορφυρίου, Επισκόπου Γάζης	Peringatan Js. Porphyrios, Uskup Gaza
Porphyrios	Martyr	October 9				Holy Martyr Porphyrios	Άγιος Μάρτυς Πορφύριος	Martir Kudus Porphyrios
Powers	Bodiless	October 8				Synaxis of the Bodiless Powers	Σύναξις των Ασωμάτων Δυνάμεων	Sinaxi Kuasa-kuasa yang Tak Berwujud
Probus	Martyr	October 12				Holy Martyr Probus	Άγιος Μάρτυς Πρόβος	Martir Kudus Probus
Prochoros	Apostle	July 28				Holy Apostle Prochoros	Άγιος Απόστολος Πρόχορος	Rasul Kudus Prokhoros
Proclos	Archbishop of Constantinople	October 20				Veneration of Proclos, Archbishop of Constantinople	Μνήμη Πρόκλου, Αρχιεπισκόπου Κωνσταντινουπόλεως	Peringatan Js. Proklos, Uskup Agung Konstantinopel
Proclos	Martyr	July 12				Holy Martyr Proclos	Άγιος Μάρτυς Πρόκλος	Martir Kudus Proklos
Procopius	Great martyr	July 8				Holy Great Martyr Procopius	Άγιος Μεγαλομάρτυς Προκόπιος	Martir Agung Kudus Prokopius
Procopius the Decapolite	Venerable	February 27				Venerable Procopius the Decapolite	Όσιος Προκόπιος ο Δεκαπολίτης	Js. Prokopius sang Dekapolit
Prostasios	Martyr	October 14				Holy Martyr Prostasios	Άγιος Μάρτυς Προτάσιος	Martir Kudus Prostasios
Pudens	Apostle	April 14				Holy Apostle Pudens	Άγιος Απόστολος Πούδης	Rasul Kudus Pudens
Quadratus of Corinth	Martyr	March 10				Holy Martyr Quadratus of Corinth	Άγιος Μάρτυς Κοδράτος ο εν Κορίνθω	Martir Kudus Kuadratus dari Korintus
Quadratus of Magnesia	Apostle	September 21				Holy Apostle Quadratus of Magnesia	Άγιος Απόστολος Κοδράτος ο εν Μαγνησία	Rasul Kudus Kuadratus dari Magnesia
Quartus	Apostle	October 10				Holy Apostle Quartus	Άγιος Απόστολος Κούαρτος	Rasul Kudus Kuartus
Quintillian	Martyr	April 28				Holy Martyr Quintillian	Άγιος Μάρτυς Κυντιλλιανός	Martir Kudus Quintillian
Rodionos	Apostle	October 10				Holy Apostle Rodionos	Άγιος Απόστολος Ροδίων	Rasul Kudus Rodionos
Roman	Martyr	October 18				Holy Martyr Roman	Άγιος Μάρτυς Ρωμανός	Martir Kudus Romanus
Roman the Hymnographer	Venerable	October 1				Venerable Roman the Hymnographer	Όσιος Ρωμανός ο Μελωδός	Js. Romanus sang Pembuat Himne
Romylos the Subdeacon	Martyr	March 15				Holy Martyr Romylos the Subdeacon	Άγιος Μάρτυς Ρωμύλος ο Υποδιάκονος	Martir Kudus Romylos sang Subdiakon
Rufus	Apostle	April 8				Holy Apostle Rufus	Άγιος Απόστολος Ρούφος	Rasul Kudus Rufus
Rufus	Martyr	April 29				Holy Martyr Rufus	Άγιος Μάρτυς Ρούφος	Martir Kudus Rufus
Sabbas the Goth	Martyr	April 24				Holy Martyr Sabbas the Goth	Άγιος Μάρτυς Σάββας ο Γότθος	Martir Kudus Sabbas sang Goth
Sabbas the Sanctified	Venerable	December 5				Venerable Sabbas the Sanctified	Όσιος Σάββας ο Ηγιασμένος	Js. Sabbas yang Dikuduskan
Sabbatios	Martyr	September 19				Holy Martyr Sabbatios	Άγιος Μάρτυς Σαββάτιος	Martir Kudus Sabbatios
Sabel	Martyr	June 17				Holy Martyr Sabel	Άγιος Μάρτυς Σαβέλ	Martir Kudus Sabel
Sabinos the Egyptian	Hieromartyr	March 16				Holy Hieromartyr Sabinos the Egyptian	Άγιος Ιερομάρτυς Σαβίνος ο Αιγύπτιος	Hieromartir Kudus Sabinos dari Mesir
Salome	Martyr	August 1				Holy Martyr Salome	Αγία Μάρτυς Σαλώμη	Martir Kudus Salome
Samonas	Martyr	October 15				Holy Martyr Samonas	Άγιος Μάρτυς Σαμωνάς	Martir Kudus Samonas
Samson the Hospitable	Venerable	June 27				Venerable Samson the Hospitable	Όσιος Σαμψών ο Ξενοδόχος	Js. Samson sang Penjamu
Samuel	Prophet	August 20				Prophet Samuel	Προφήτης Σαμουήλ	Nabi Samuel
Saturninus	Martyr	December 23				Holy Martyr Saturninus	Άγιος Μάρτυς Σατουρνίνος	Martir Kudus Saturninus
Sebastian	Martyr	December 18				Holy Martyr Sebastian	Άγιος Μάρτυς Σεβαστιανός	Martir Kudus Sebastianus
Serapion	Martyr	April 5				Holy Martyr Serapion	Άγιος Μάρτυς Σεραπίων	Martir Kudus Serapion
Sergius	Martyr	October 7				Holy Martyr Sergius	Άγιος Μάρτυς Σέργιος	Martir Kudus Sergius
Seven Machabee Brothers	Martyrs	August 1				Holy Seven Machabee Martyrs	Άγιοι Επτά Μακκαβαίοι Μάρτυρες	Tujuh Martir Kudus Makabe
Severian	Martyr	September 9				Holy Martyr Severian	Άγιος Μάρτυς Σεβηριανός	Martir Kudus Severian
Severian	Martyr	August 22				Holy Martyr Severian	Άγιος Μάρτυς Σεβηριανός	Martir Kudus Severian
Silas	Apostle	July 30				Holy Apostle Silas	Άγιος Απόστολος Σιλάς	Rasul Kudus Silas
Silvanos	Apostle	July 30				Holy Apostle Silvanos	Άγιος Απόστολος Σιλουανός	Rasul Kudus Silvanus
Silvester	Pope of Rome	January 2				Veneration of Silvester, Pope of Rome	Μνήμη Σιλβέστρου, Πάπα Ρώμης	Peringatan Js. Silvester, Paus Roma
Simeon of the Wonderful Mountain	Venerable	May 24				Venerable Simeon of the Wonderful Mountain	Όσιος Συμεών ο Θαυμαστορείτης	Js. Simeon dari Gunung Ajaib
Simeon the Persian	Hieromartyr	April 17				Holy Hieromartyr Simeon the Persian	Άγιος Ιερομάρτυς Συμεών ο Πέρσης	Hieromartir Kudus Simeon dari Persia
Simeon the Stylite	Venerable	September 1				Venerable Simeon the Stylite	Όσιος Συμεών ο Στυλίτης	Js. Simeon sang Stylite
Simeon the Zealot	Apostle	May 10				Holy Apostle Simeon the Zealot	Άγιος Απόστολος Σίμων ο Ζηλωτής	Rasul Kudus Simeon sang Zelot
Simeon who Received God		February 3				Veneration of Righteous Simeon who Received God	Μνήμη Δικαίου Συμεών του Θεοδόχου	Peringatan Js. Simeon yang Menerima Allah
Simeon, a Fool for Christ's Sake	Venerable	July 21				Venerable Simeon, a Fool for Christ's Sake	Όσιος Συμεών ο δια Χριστόν Σαλός	Js. Simeon, Orang Bodoh demi Kristus
Simeon, a relative of the Lord	Hieromartyr	April 27				Holy Hieromartyr Simeon, a relative of the Lord	Άγιος Ιερομάρτυς Συμεών ο Συγγενής του Κυρίου	Hieromartir Kudus Simeon, kerabat Tuhan
Sisoes the Great	Venerable	July 6				Venerable Sisoes the Great	Όσιος Σισώης ο Μέγας	Js. Sisoes Agung
Sophia	Martyr	September 17				Holy Martyr Sophia (Wisdom)	Αγία Μάρτυς Σοφία	Martir Kudus Kebijaksanaan (Sophia)
Sophonia	Prophet	December 3				Prophet Sophonia	Προφήτης Σοφονίας	Nabi Zefanya
Sophronios	Archbishop of Jerusalem	March 11				Veneration of Sophronios, Archbishop of Jerusalem	Μνήμη Σωφρονίου, Αρχιεπισκόπου Ιεροσολύμων	Peringatan Js. Sophronios, Uskup Agung Yerusalem
Sosipater	Apostle	April 28				Holy Apostle Sosipater	Άγιος Απόστολος Σωσίπατρος	Rasul Kudus Sosipater
Sosipatros	Apostle	October 10				Holy Apostle Sosipatros	Άγιος Απόστολος Σωσίπατρος	Rasul Kudus Sosipatros
Sozon	Martyr	September 7				Holy Martyr Sozon	Άγιος Μάρτυς Σώζων	Martir Kudus Sozon
Spiridon	Bishop of Tremithus	December 12				Veneration of Spiridon, Bishop of Tremithus	Μνήμη Σπυρίδωνος, Επισκόπου Τριμυθούντος	Peringatan Js. Spiridon, Uskup Tremithus
Stachys	Apostle	October 31				Holy Apostle Stachys	Άγιος Απόστολος Στάχυς	Rasul Kudus Stakhis
Stephanida	Martyr	October 11				Holy Martyr Stephanida	Αγία Μάρτυς Στεφανίδα	Martir Kudus Stephanida
Stephen	Protomartyr and Archdeacon	December 27				Holy Protomartyr and Archdeacon Stephen	Άγιος Πρωτομάρτυς και Αρχιδιάκονος Στέφανος	Protomartir dan Arkidiakon Kudus Stefanus
Stephen the Sabbaite	Venerable	July 13				Venerable Stephen the Sabbaite	Όσιος Στέφανος ο Σαββαΐτης	Js. Stefanus sang Sabbait
Stephen the Sabbaite	Venerable	October 28				Venerable Stephen the Sabbaite	Όσιος Στέφανος ο Σαββαΐτης	Js. Stefanus sang Sabbait
Stephen the Wonderworker	Venerable	March 28				Venerable Stephen the Wonderworker	Όσιος Στέφανος ο Θαυματουργός	Js. Stefanus sang Pekerja Mukjizat
Stephen the Younger	Hosiomartyr	October 28				Holy Hosiomartyr Stephen the Younger	Όσιομάρτυς Στέφανος ο Νέος	Osiomartir Kudus Stefanus sang Muda
Stratonikos	Martyr	January 13				Holy Martyr Stratonikos	Άγιος Μάρτυς Στρατόνικος	Martir Kudus Stratonikos
Syncletica	Venerable	January 5				Venerable Syncletica	Οσία Συγκλητική	Js. Sinkletika
Tarachos	Martyr	October 12				Holy Martyr Tarachos	Άγιος Μάρτυς Τάραχος	Martir Kudus Tarakhos
Tarasios	Archbishop of Constantinople	February 25				Veneration of Tarasios, Archbishop of Constantinople	Μνήμη Ταρασίου, Αρχιεπισκόπου Κωνσταντινουπόλεως	Peringatan Js. Tarasios, Uskup Agung Konstantinopel
Tatiana	Martyr	January 12				Holy Martyr Tatiana	Αγία Μάρτυς Τατιανή	Martir Kudus Tatiana
Terence	Martyr	October 28				Holy Martyr Terence	Άγιος Μάρτυς Τερέντιος	Martir Kudus Terensius
Terentios	Martyr	April 10				Holy Martyr Terentios	Άγιος Μάρτυς Τερέντιος	Martir Kudus Terentios
Tertios	Apostle	October 10				Holy Apostle Tertios	Άγιος Απόστολος Τέρτιος	Rasul Kudus Tertios
Thaddeus	Apostle	August 21				Holy Apostle Thaddeus	Άγιος Απόστολος Θαδδαίος	Rasul Kudus Tadeus
Thaddeus	Apostle	June 19				Holy Apostle Thaddeus	Άγιος Απόστολος Θαδδαίος	Rasul Kudus Tadeus
Thallelaios	Martyr	May 20				Holy Martyr Thallelaios	Άγιος Μάρτυς Θαλλέλαιος	Martir Kudus Thallelaios
Thaumasius	Martyr	April 29				Holy Martyr Thaumasius	Άγιος Μάρτυς Θαυμάσιος	Martir Kudus Thaumasios
Thecla	Protomartyr	September 24				Holy Protomartyr Thecla	Αγία Πρωτομάρτυς Θέκλα	Protomartir Kudus Thekla
Theodora of Alexandria	Venerable	September 11				Venerable Theodora of Alexandria	Οσία Θεοδώρα η εξ Αλεξανδρείας	Js. Theodora dari Aleksandria
Theodore	Martyr	March 6				Holy Martyr Theodore	Άγιος Μάρτυς Θεόδωρος	Martir Kudus Theodorus
Theodore of Pergia	Martyr	April 21				Holy Martyr Theodore of Pergia	Άγιος Μάρτυς Θεόδωρος ο εκ Πέργης	Martir Kudus Theodorus dari Pergia
Theodore of Tyre	Great martyr	February 17				Holy Great Martyr Theodore of Tyre	Άγιος Μεγαλομάρτυς Θεόδωρος ο Τήρων	Martir Agung Kudus Theodorus dari Tirus
Theodore Sykeotes	Venerable	April 22				Venerable Theodore Sykeotes	Όσιος Θεόδωρος ο Συκεώτης	Js. Theodorus Sikeot
Theodore the Hairy		April 20				Veneration of Theodore the Hairy	Μνήμη Θεοδώρου του Τριχινά	Peringatan Js. Theodorus sang Berbulu
Theodore the Leader of Armies	Great martyr	February 8				Holy Great Martyr Theodore the Leader of Armies	Άγιος Μεγαλομάρτυς Θεόδωρος ο Στρατηλάτης	Martir Agung Kudus Theodorus sang Panglima
Theodore the Sanctified	Venerable	May 16				Venerable Theodore the Sanctified	Όσιος Θεόδωρος ο Ηγιασμένος	Js. Theodorus yang Dikuduskan
Theodore the Scarred	Venerable	December 27				Venerable Theodore the Scarred	Όσιος Θεόδωρος ο Γραπτός	Js. Theodorus sang Bertanda
Theodore the Studite	Venerable	October 11				Venerable Theodore the Studite	Όσιος Θεόδωρος ο Στουδίτης	Js. Theodorus sang Studit
Theodosia	Hosiomartyr	May 29				Holy Hosiomartyr Theodosia	Οσιομάρτυς Θεοδοσία	Osiomartir Kudus Theodosia
Theodosius the Cenobiarch	Venerable	January 11				Venerable Theodosius the Cenobiarch	Όσιος Θεοδόσιος ο Κοινοβιάρχης	Js. Theodosios sang Kenobiarkh
Theodota	Martyr	July 29				Holy Martyr Theodota	Αγία Μάρτυς Θεοδότη	Martir Kudus Theodota
Theodotos	Martyr	April 29				Holy Martyr Theodotos	Άγιος Μάρτυς Θεόδοτος	Martir Kudus Theodotos
Theodotos, Bishop of Ancyra	Hieromartyr	June 7				Holy Hieromartyr Theodotos, Bishop of Ancyra	Ιερομάρτυς Θεόδοτος, Επίσκοπος Αγκύρας	Hieromartir Kudus Theodotos, Uskup Ankira
Theodotos, Bishop of Cyrene	Hieromartyr	March 2				Holy Hieromartyr Theodotos, Bishop of Cyrene	Ιερομάρτυς Θεόδοτος, Επίσκοπος Κυρήνης	Hieromartir Kudus Theodotos, Uskup Kirene
Theodulos	Martyr	December 23				Holy Martyr Theodulos	Άγιος Μάρτυς Θεόδουλος	Martir Kudus Theodulos
Theodulos	Martyr	April 4				Holy Martyr Theodulos	Άγιος Μάρτυς Θεόδουλος	Martir Kudus Theodulos
Theognis	Martyr	April 29				Holy Martyr Theognis	Άγιος Μάρτυς Θεόγνις	Martir Kudus Theognis
Theoktistos, companion in asceticism of the Great Euthymius	Venerable	September 3				Venerable Theoktistos, companion in asceticism of the Great Euthymius	Όσιος Θεόκτιστος, συνασκητής του Μεγάλου Ευθυμίου	Js. Theoktistos, rekan pertapaan Euthimius Agung
Theoktistos, Hegumen of Cucume	Venerable	January 4				Venerable Theoktistos, Hegumen of Cucume	Όσιος Θεόκτιστος, Ηγούμενος Κουκουμίου	Js. Theoktistos, Hegumen Kukume
Theonas	Martyr	January 5				Holy Martyr Theonas	Άγιος Μάρτυς Θεωνάς	Martir Kudus Theonas
Theopemptos	Martyr	January 5				Holy Martyr Theopemptos	Άγιος Μάρτυς Θεόπεμπτος	Martir Kudus Theopemptos
Theophanes of Sigriana	Venerable	March 12				Venerable Theophanes of Sigriana	Όσιος Θεοφάνης ο εκ Σιγριανής	Js. Theofanes dari Sigriana
Theophanes the Confessor	Venerable	October 11				Venerable Theophanes the Confessor	Όσιος Θεοφάνης ο Ομολογητής	Js. Theofanes sang Pengaku Iman
Theophilos	Martyr	March 6				Holy Martyr Theophilos	Άγιος Μάρτυς Θεόφιλος	Martir Kudus Theofilos
Theophylaktos, Metropolitan of Nicomedia	Venerable	March 8				Venerable Theophylaktos, Metropolitan of Nicomedia	Όσιος Θεοφύλακτος, Μητροπολίτης Νικομηδείας	Js. Theofilaktos, Metropolitan Nikomedia
Theopistis	Martyr	September 20				Holy Martyr Theopistis	Αγία Μάρτυς Θεοπίστη	Martir Kudus Theopistis
Theopistos	Martyr	September 20				Holy Martyr Theopistos	Άγιος Μάρτυς Θεόπιστος	Martir Kudus Theopistos
Theoprepes	Martyr	August 22				Holy Martyr Theoprepes	Άγιος Μάρτυς Θεοπρέπης	Martir Kudus Theoprepes
Theosticus	Martyr	April 29				Holy Martyr Theosticus	Άγιος Μάρτυς Θεόστικτος	Martir Kudus Theostiktos
Thomas	Apostle	October 6				Holy Apostle Thomas	Άγιος Απόστολος Θωμάς	Rasul Kudus Tomas
Thomas of Maleum	Venerable	July 7				Venerable Thomas of Maleum	Όσιος Θωμάς ο εν Μαλεώ	Js. Tomas dari Maleum
Thyrsos	Martyr	December 14				Holy Martyr Thyrsos	Άγιος Μάρτυς Θύρσος	Martir Kudus Thirsos
Tiburtios	Martyr	October 22				Holy Martyr Tiburtios	Άγιος Μάρτυς Τιβούρτιος	Martir Kudus Tiburtios
Timolaos	Martyr	March 15				Holy Martyr Timolaos	Άγιος Μάρτυς Τιμόλαος	Martir Kudus Timolaos
Timon	Apostle	January 22				Holy Apostle Timon	Άγιος Απόστολος Τίμων	Rasul Kudus Timon
Timothy	Apostle	January 22				Holy Apostle Timothy	Άγιος Απόστολος Τιμόθεος	Rasul Kudus Timotius
Timothy	Martyr	May 3				Holy Martyr Timothy	Άγιος Μάρτυς Τιμόθεος	Martir Kudus Timotius
Timothy the Symbolite	Venerable	February 21				Venerable Timothy the Symbolite	Όσιος Τιμόθεος ο εν Συμβόλοις	Js. Timotius sang Simbolit
Timothy, Archbishop of Brusa	Hieromartyr	June 10				Holy Hieromartyr Timothy, Archbishop of Brusa	Ιερομάρτυς Τιμόθεος, Αρχιεπίσκοπος Προύσης	Hieromartir Kudus Timotius, Uskup Agung Brusa
Titus	Apostle	August 25				Holy Apostle Titus	Άγιος Απόστολος Τίτος	Rasul Kudus Titus
Titus the Wonderworker		April 2				Veneration of Titus the Wonderworker	Μνήμη Τίτου του Θαυματουργού	Peringatan Js. Titus sang Pekerja Mukjizat
Triphyllios	Bishop of Leucosia	June 13				Veneration of Triphyllios, Bishop of Leucosia	Μνήμη Τριφυλλίου, Επισκόπου Λευκωσίας	Peringatan Js. Trifillios, Uskup Leukosía
Trophimos	Apostle	April 14				Holy Apostle Trophimos	Άγιος Απόστολος Τρόφιμος	Rasul Kudus Trofimos
Tryphon	Martyr	February 1				Holy Martyr Tryphon	Άγιος Μάρτυς Τρύφων	Martir Kudus Trifon
Tychon	Bishop of Amathus	June 16				Veneration of Tychon, Bishop of Amathus	Μνήμη Τύχωνος, Επισκόπου Αμαθούντος	Peringatan Js. Tikhon, Uskup Amathus
Urban	Apostle	October 31				Holy Apostle Urban	Άγιος Απόστολος Ουρβανός	Rasul Kudus Urbanus
Valerian	Martyr	October 22				Holy Martyr Valerian	Άγιος Μάρτυς Βαλεριανός	Martir Kudus Valerian
Varus	Martyr	October 19				Holy Martyr Varus	Άγιος Μάρτυς Ουάρος	Martir Kudus Varus
Victor	Martyr	October 11				Holy Martyr Victor	Άγιος Μάρτυς Βίκτωρ	Martir Kudus Viktor
Vincent	Martyr	October 11				Holy Martyr Vincent	Άγιος Μάρτυς Βικέντιος	Martir Kudus Vikensius
Wisdom	Martyr	September 17				Holy Martyr Wisdom (Sophia)	Αγία Μάρτυς Σοφία	Martir Kudus Kebijaksanaan (Sofia)
Women Martyrs	Forty Holy	September 1				Forty Holy Women Martyrs	Άγιαι Τεσσαράκοντα Γυναίκες Μάρτυρες	Empat Puluh Martir Wanita Kudus
Xenia	Venerable	January 24				Venerable Xenia	Οσία Ξένη	Js. Ksenia
Xenophon	Venerable	January 26				Venerable Xenophon	Όσιος Ξενοφών	Js. Ksenofon
Zacharia the Recluse	Venerable	March 24				Venerable Zacharia the Recluse	Όσιος Ζαχαρίας ο Εγκλειστός	Js. Zakharia sang Petapa
Zacharias	Prophet	February 8				Prophet Zacharias	Προφήτης Ζαχαρίας	Nabi Zakharia
Zachary the Father of the Precursor	Prophet	September 5				Prophet Zachary, Father of the Precursor	Προφήτης Ζαχαρίας, πατήρ του Προδρόμου	Nabi Zakharia, Ayah sang Pendahulu
Zeno	Martyr	August 22				Holy Martyr Zeno	Άγιος Μάρτυς Ζήνων	Martir Kudus Zeno
Zenobia	Martyr	October 30				Holy Martyr Zenobia	Αγία Μάρτυς Ζηνοβία	Martir Kudus Zenobia
Zenobios	Hieromartyr	October 30				Holy Hieromartyr Zenobios	Ιερομάρτυς Ζηνόβιος	Hieromartir Kudus Zenobios
Zoticos	Martyr	December 23				Holy Martyr Zoticos	Άγιος Μάρτυς Ζωτικός	Martir Kudus Zotikos
Zoticos	Martyr	August 22				Holy Martyr Zoticos	Άγιος Μάρτυς Ζωτικός	Martir Kudus Zotikos
Zoticos the Educator of Orphans	Venerable	December 30				Venerable Zoticos the Educator of Orphans	Όσιος Ζωτικός ο Ορφανοτρόφος	Js. Zotikos sang Pengasuh Yatim